"","Subject","List","Trial","Time","Type","Lang"
"1","7f602b96","0","1",NA,"MATCH","L2"
"2","4c0ed8e8","0","1",NA,"MATCH","L2"
"3","5f09194f","0","1",NA,"MATCH","L2"
"4","cf96590e","0","1",2095,"MATCH","L2"
"5","7e2ddfb9","0","1",NA,"MATCH","L2"
"6","c736e9f8","0","1",1842,"MATCH","L2"
"7","91388be0","0","1",NA,"MATCH","L2"
"8","42761fd6","0","1",1187,"MATCH","L2"
"9","00b3eb76","0","1",2808,"MATCH","L2"
"10","4eeee54c","0","1",1075,"MATCH","L2"
"11","8fbb4282","0","1",NA,"MATCH","L2"
"12","b5480d50","0","1",2210,"MATCH","L2"
"13","eedbf0c3","0","1",817,"MATCH","L2"
"14","66b7c5fa","0","1",1043,"MATCH","L2"
"15","a29ce690","0","1",1345,"MATCH","L2"
"16","c42d2738","0","1",758,"MATCH","L2"
"17","aa132e6a","0","1",NA,"MATCH","L2"
"18","2151232b","0","1",2120,"MATCH","L2"
"19","3260deba","0","1",1423,"MATCH","L2"
"20","c542a4f8","0","1",725,"MATCH","L2"
"21","8508ee6c","0","1",2623,"MATCH","L2"
"22","8f551579","0","1",NA,"MATCH","L2"
"23","8a2c97d5","0","1",1477,"MATCH","L2"
"24","4d419e7a","0","1",1106,"MATCH","L2"
"25","9fd8805f","0","1",NA,"MATCH","L2"
"26","0bd48e31","0","1",730,"MATCH","L2"
"27","ee4837b0","0","1",544,"MATCH","L2"
"28","93b24402","0","1",NA,"MATCH","L2"
"29","d3967b17","0","1",NA,"MATCH","L2"
"30","bfc95808","0","1",618,"MATCH","L2"
"31","c6385cb7","0","1",1553,"MATCH","L2"
"32","d9ffc7ed","0","1",862,"MATCH","L2"
"33","50bfaf0e","0","1",905,"MATCH","L2"
"34","cc817718","0","1",NA,"MATCH","L2"
"35","0aa00f25","0","1",817,"MATCH","L2"
"36","868df361","0","1",1912,"MATCH","L2"
"37","3f91cfa7","0","1",2356,"MATCH","L2"
"38","7cda099a","0","1",946,"MATCH","L2"
"39","6bdf23ec","0","1",1049,"MATCH","L2"
"40","8e1b5327","0","1",517,"MATCH","L2"
"41","c1b15df9","0","1",1224,"MATCH","L2"
"42","1fc23b09","0","1",824,"MATCH","L2"
"43","0888364f","0","1",810,"MATCH","L2"
"44","5d5a0842","0","1",NA,"MATCH","L2"
"45","d7f4b666","0","1",1188,"MATCH","L2"
"46","df99e021","0","1",1058,"MATCH","L2"
"47","d9c7c5ff","0","1",NA,"MATCH","L2"
"48","e034a323","1","1",2194,"MATCH","L2"
"49","13bc3a3e","1","1",994,"MATCH","L2"
"50","833efcf2","1","1",2214,"MATCH","L2"
"51","1ba8b63a","1","1",1713,"MATCH","L2"
"52","5af29f72","1","1",927,"MATCH","L2"
"53","f36e76f9","1","1",NA,"MATCH","L2"
"54","cfe9b984","1","1",748,"MATCH","L2"
"55","3b1c676f","1","1",NA,"MATCH","L2"
"56","c15f1815","1","1",NA,"MATCH","L2"
"57","c7d554ea","1","1",1022,"MATCH","L2"
"58","da0f3d33","1","1",1357,"MATCH","L2"
"59","337d4896","1","1",933,"MATCH","L2"
"60","8e107dc5","1","1",1266,"MATCH","L2"
"61","4f7e6316","1","1",2032,"MATCH","L2"
"62","016cb1a1","1","1",835,"MATCH","L2"
"63","e4e0da4a","1","1",1008,"MATCH","L2"
"64","ea5febef","1","1",822,"MATCH","L2"
"65","e6c18c70","1","1",NA,"MATCH","L2"
"66","d66fa12b","1","1",1210,"MATCH","L2"
"67","dbeeb7ea","1","1",NA,"MATCH","L2"
"68","fb3bf7ba","1","1",992,"MATCH","L2"
"69","8fa7f98f","1","1",1861,"MATCH","L2"
"70","7a99a20a","1","1",1388,"MATCH","L2"
"71","23c390c9","1","1",694,"MATCH","L2"
"72","0d3bd7a0","1","1",1164,"MATCH","L2"
"73","e026b148","1","1",1497,"MATCH","L2"
"74","b2f7aa09","1","1",2123,"MATCH","L2"
"75","59c1a5e7","1","1",1418,"MATCH","L2"
"76","c114f50f","1","1",NA,"MATCH","L2"
"77","3deaf195","1","1",1307,"MATCH","L2"
"78","514e5fd7","1","1",1474,"MATCH","L2"
"79","ffbb64d5","1","1",770,"MATCH","L2"
"80","3387e93f","1","1",1936,"MATCH","L2"
"81","7b3f5faa","1","1",600,"MATCH","L2"
"82","5f0bf551","1","1",NA,"MATCH","L2"
"83","32e65391","1","1",1138,"MATCH","L2"
"84","31e5a7ee","1","1",2207,"MATCH","L2"
"85","b03a0210","1","1",1053,"MATCH","L2"
"86","848074de","1","1",1270,"MATCH","L2"
"87","428830bf","1","1",2050,"MATCH","L2"
"88","d5268043","1","1",NA,"MATCH","L2"
"89","947b36a8","1","1",1046,"MATCH","L2"
"90","f38ed83e","1","1",1126,"MATCH","L2"
"91","9c64d930","1","1",1048,"MATCH","L2"
"92","eb02331f","1","1",1024,"MATCH","L2"
"93","10848d7c","1","1",1132,"MATCH","L2"
"94","cbd7a6c9","1","1",779,"MATCH","L2"
"95","2b9cdd4b","1","1",937,"MATCH","L2"
"96","66ae62e9","1","1",NA,"MATCH","L2"
"97","ad139538","1","1",1001,"MATCH","L2"
"98","ced60332","1","1",890,"MATCH","L2"
"99","001b6dbd","1","1",1342,"MATCH","L2"
"100","c6d0416f","1","1",1127,"MATCH","L2"
"101","7f602b96","0","2",2637,"MATCH","L2"
"102","4c0ed8e8","0","2",950,"MATCH","L2"
"103","5f09194f","0","2",435,"MATCH","L2"
"104","cf96590e","0","2",874,"MATCH","L2"
"105","7e2ddfb9","0","2",506,"MATCH","L2"
"106","c736e9f8","0","2",1534,"MATCH","L2"
"107","91388be0","0","2",1064,"MATCH","L2"
"108","42761fd6","0","2",891,"MATCH","L2"
"109","00b3eb76","0","2",925,"MATCH","L2"
"110","4eeee54c","0","2",1068,"MATCH","L2"
"111","8fbb4282","0","2",1981,"MATCH","L2"
"112","b5480d50","0","2",NA,"MATCH","L2"
"113","eedbf0c3","0","2",522,"MATCH","L2"
"114","66b7c5fa","0","2",892,"MATCH","L2"
"115","a29ce690","0","2",897,"MATCH","L2"
"116","c42d2738","0","2",627,"MATCH","L2"
"117","aa132e6a","0","2",1114,"MATCH","L2"
"118","2151232b","0","2",1139,"MATCH","L2"
"119","3260deba","0","2",1455,"MATCH","L2"
"120","c542a4f8","0","2",838,"MATCH","L2"
"121","8508ee6c","0","2",1172,"MATCH","L2"
"122","8f551579","0","2",1042,"MATCH","L2"
"123","8a2c97d5","0","2",506,"MATCH","L2"
"124","4d419e7a","0","2",703,"MATCH","L2"
"125","9fd8805f","0","2",1053,"MATCH","L2"
"126","0bd48e31","0","2",624,"MATCH","L2"
"127","ee4837b0","0","2",607,"MATCH","L2"
"128","93b24402","0","2",449,"MATCH","L2"
"129","d3967b17","0","2",2504,"MATCH","L2"
"130","bfc95808","0","2",1477,"MATCH","L2"
"131","c6385cb7","0","2",1304,"MATCH","L2"
"132","d9ffc7ed","0","2",809,"MATCH","L2"
"133","50bfaf0e","0","2",2147,"MATCH","L2"
"134","cc817718","0","2",808,"MATCH","L2"
"135","0aa00f25","0","2",997,"MATCH","L2"
"136","868df361","0","2",802,"MATCH","L2"
"137","3f91cfa7","0","2",2131,"MATCH","L2"
"138","7cda099a","0","2",1398,"MATCH","L2"
"139","6bdf23ec","0","2",843,"MATCH","L2"
"140","8e1b5327","0","2",738,"MATCH","L2"
"141","c1b15df9","0","2",765,"MATCH","L2"
"142","1fc23b09","0","2",721,"MATCH","L2"
"143","0888364f","0","2",697,"MATCH","L2"
"144","5d5a0842","0","2",569,"MATCH","L2"
"145","d7f4b666","0","2",1143,"MATCH","L2"
"146","df99e021","0","2",559,"MATCH","L2"
"147","d9c7c5ff","0","2",NA,"MATCH","L2"
"148","e034a323","1","2",1278,"MATCH","L2"
"149","13bc3a3e","1","2",NA,"MATCH","L2"
"150","833efcf2","1","2",NA,"MATCH","L2"
"151","1ba8b63a","1","2",NA,"MATCH","L2"
"152","5af29f72","1","2",709,"MATCH","L2"
"153","f36e76f9","1","2",NA,"MATCH","L2"
"154","cfe9b984","1","2",NA,"MATCH","L2"
"155","3b1c676f","1","2",NA,"MATCH","L2"
"156","c15f1815","1","2",NA,"MATCH","L2"
"157","c7d554ea","1","2",1091,"MATCH","L2"
"158","da0f3d33","1","2",2902,"MATCH","L2"
"159","337d4896","1","2",1700,"MATCH","L2"
"160","8e107dc5","1","2",661,"MATCH","L2"
"161","4f7e6316","1","2",1385,"MATCH","L2"
"162","016cb1a1","1","2",NA,"MATCH","L2"
"163","e4e0da4a","1","2",2926,"MATCH","L2"
"164","ea5febef","1","2",826,"MATCH","L2"
"165","e6c18c70","1","2",2752,"MATCH","L2"
"166","d66fa12b","1","2",NA,"MATCH","L2"
"167","dbeeb7ea","1","2",761,"MATCH","L2"
"168","fb3bf7ba","1","2",NA,"MATCH","L2"
"169","8fa7f98f","1","2",980,"MATCH","L2"
"170","7a99a20a","1","2",2049,"MATCH","L2"
"171","23c390c9","1","2",1124,"MATCH","L2"
"172","0d3bd7a0","1","2",NA,"MATCH","L2"
"173","e026b148","1","2",2116,"MATCH","L2"
"174","b2f7aa09","1","2",NA,"MATCH","L2"
"175","59c1a5e7","1","2",1395,"MATCH","L2"
"176","c114f50f","1","2",NA,"MATCH","L2"
"177","3deaf195","1","2",NA,"MATCH","L2"
"178","514e5fd7","1","2",3112,"MATCH","L2"
"179","ffbb64d5","1","2",657,"MATCH","L2"
"180","3387e93f","1","2",NA,"MATCH","L2"
"181","7b3f5faa","1","2",786,"MATCH","L2"
"182","5f0bf551","1","2",765,"MATCH","L2"
"183","32e65391","1","2",1734,"MATCH","L2"
"184","31e5a7ee","1","2",1873,"MATCH","L2"
"185","b03a0210","1","2",1826,"MATCH","L2"
"186","848074de","1","2",1087,"MATCH","L2"
"187","428830bf","1","2",NA,"MATCH","L2"
"188","d5268043","1","2",1000,"MATCH","L2"
"189","947b36a8","1","2",1320,"MATCH","L2"
"190","f38ed83e","1","2",NA,"MATCH","L2"
"191","9c64d930","1","2",NA,"MATCH","L2"
"192","eb02331f","1","2",2131,"MATCH","L2"
"193","10848d7c","1","2",777,"MATCH","L2"
"194","cbd7a6c9","1","2",810,"MATCH","L2"
"195","2b9cdd4b","1","2",826,"MATCH","L2"
"196","66ae62e9","1","2",2697,"MATCH","L2"
"197","ad139538","1","2",NA,"MATCH","L2"
"198","ced60332","1","2",778,"MATCH","L2"
"199","001b6dbd","1","2",1159,"MATCH","L2"
"200","c6d0416f","1","2",1194,"MATCH","L2"
"201","7f602b96","0","3",1180,"MATCH","L2"
"202","4c0ed8e8","0","3",1614,"MATCH","L2"
"203","5f09194f","0","3",NA,"MATCH","L2"
"204","cf96590e","0","3",1742,"MATCH","L2"
"205","7e2ddfb9","0","3",1654,"MATCH","L2"
"206","c736e9f8","0","3",547,"MATCH","L2"
"207","91388be0","0","3",2240,"MATCH","L2"
"208","42761fd6","0","3",1243,"MATCH","L2"
"209","00b3eb76","0","3",NA,"MATCH","L2"
"210","4eeee54c","0","3",861,"MATCH","L2"
"211","8fbb4282","0","3",NA,"MATCH","L2"
"212","b5480d50","0","3",2033,"MATCH","L2"
"213","eedbf0c3","0","3",538,"MATCH","L2"
"214","66b7c5fa","0","3",NA,"MATCH","L2"
"215","a29ce690","0","3",1400,"MATCH","L2"
"216","c42d2738","0","3",525,"MATCH","L2"
"217","aa132e6a","0","3",NA,"MATCH","L2"
"218","2151232b","0","3",1438,"MATCH","L2"
"219","3260deba","0","3",NA,"MATCH","L2"
"220","c542a4f8","0","3",NA,"MATCH","L2"
"221","8508ee6c","0","3",2554,"MATCH","L2"
"222","8f551579","0","3",NA,"MATCH","L2"
"223","8a2c97d5","0","3",918,"MATCH","L2"
"224","4d419e7a","0","3",1038,"MATCH","L2"
"225","9fd8805f","0","3",NA,"MATCH","L2"
"226","0bd48e31","0","3",848,"MATCH","L2"
"227","ee4837b0","0","3",649,"MATCH","L2"
"228","93b24402","0","3",NA,"MATCH","L2"
"229","d3967b17","0","3",1908,"MATCH","L2"
"230","bfc95808","0","3",1193,"MATCH","L2"
"231","c6385cb7","0","3",1079,"MATCH","L2"
"232","d9ffc7ed","0","3",1802,"MATCH","L2"
"233","50bfaf0e","0","3",737,"MATCH","L2"
"234","cc817718","0","3",NA,"MATCH","L2"
"235","0aa00f25","0","3",821,"MATCH","L2"
"236","868df361","0","3",720,"MATCH","L2"
"237","3f91cfa7","0","3",2423,"MATCH","L2"
"238","7cda099a","0","3",NA,"MATCH","L2"
"239","6bdf23ec","0","3",925,"MATCH","L2"
"240","8e1b5327","0","3",554,"MATCH","L2"
"241","c1b15df9","0","3",951,"MATCH","L2"
"242","1fc23b09","0","3",817,"MATCH","L2"
"243","0888364f","0","3",701,"MATCH","L2"
"244","5d5a0842","0","3",871,"MATCH","L2"
"245","d7f4b666","0","3",NA,"MATCH","L2"
"246","df99e021","0","3",1339,"MATCH","L2"
"247","d9c7c5ff","0","3",1502,"MATCH","L2"
"248","e034a323","1","3",1337,"MATCH","L2"
"249","13bc3a3e","1","3",913,"MATCH","L2"
"250","833efcf2","1","3",2776,"MATCH","L2"
"251","1ba8b63a","1","3",1975,"MATCH","L2"
"252","5af29f72","1","3",1451,"MATCH","L2"
"253","f36e76f9","1","3",1694,"MATCH","L2"
"254","cfe9b984","1","3",NA,"MATCH","L2"
"255","3b1c676f","1","3",NA,"MATCH","L2"
"256","c15f1815","1","3",1400,"MATCH","L2"
"257","c7d554ea","1","3",2004,"MATCH","L2"
"258","da0f3d33","1","3",1617,"MATCH","L2"
"259","337d4896","1","3",1041,"MATCH","L2"
"260","8e107dc5","1","3",1402,"MATCH","L2"
"261","4f7e6316","1","3",2779,"MATCH","L2"
"262","016cb1a1","1","3",1998,"MATCH","L2"
"263","e4e0da4a","1","3",2878,"MATCH","L2"
"264","ea5febef","1","3",NA,"MATCH","L2"
"265","e6c18c70","1","3",1059,"MATCH","L2"
"266","d66fa12b","1","3",1387,"MATCH","L2"
"267","dbeeb7ea","1","3",1839,"MATCH","L2"
"268","fb3bf7ba","1","3",685,"MATCH","L2"
"269","8fa7f98f","1","3",1182,"MATCH","L2"
"270","7a99a20a","1","3",984,"MATCH","L2"
"271","23c390c9","1","3",1007,"MATCH","L2"
"272","0d3bd7a0","1","3",1081,"MATCH","L2"
"273","e026b148","1","3",815,"MATCH","L2"
"274","b2f7aa09","1","3",1278,"MATCH","L2"
"275","59c1a5e7","1","3",922,"MATCH","L2"
"276","c114f50f","1","3",1094,"MATCH","L2"
"277","3deaf195","1","3",1711,"MATCH","L2"
"278","514e5fd7","1","3",2269,"MATCH","L2"
"279","ffbb64d5","1","3",654,"MATCH","L2"
"280","3387e93f","1","3",2654,"MATCH","L2"
"281","7b3f5faa","1","3",789,"MATCH","L2"
"282","5f0bf551","1","3",864,"MATCH","L2"
"283","32e65391","1","3",926,"MATCH","L2"
"284","31e5a7ee","1","3",1438,"MATCH","L2"
"285","b03a0210","1","3",1314,"MATCH","L2"
"286","848074de","1","3",1291,"MATCH","L2"
"287","428830bf","1","3",1377,"MATCH","L2"
"288","d5268043","1","3",1751,"MATCH","L2"
"289","947b36a8","1","3",934,"MATCH","L2"
"290","f38ed83e","1","3",768,"MATCH","L2"
"291","9c64d930","1","3",1373,"MATCH","L2"
"292","eb02331f","1","3",1543,"MATCH","L2"
"293","10848d7c","1","3",1036,"MATCH","L2"
"294","cbd7a6c9","1","3",1155,"MATCH","L2"
"295","2b9cdd4b","1","3",1009,"MATCH","L2"
"296","66ae62e9","1","3",1247,"MATCH","L2"
"297","ad139538","1","3",1002,"MATCH","L2"
"298","ced60332","1","3",902,"MATCH","L2"
"299","001b6dbd","1","3",2689,"MATCH","L2"
"300","c6d0416f","1","3",1380,"MATCH","L2"
"301","7f602b96","0","4",720,"MATCH","L2"
"302","4c0ed8e8","0","4",1066,"MATCH","L2"
"303","5f09194f","0","4",827,"MATCH","L2"
"304","cf96590e","0","4",708,"MATCH","L2"
"305","7e2ddfb9","0","4",1602,"MATCH","L2"
"306","c736e9f8","0","4",573,"MATCH","L2"
"307","91388be0","0","4",1259,"MATCH","L2"
"308","42761fd6","0","4",708,"MATCH","L2"
"309","00b3eb76","0","4",728,"MATCH","L2"
"310","4eeee54c","0","4",700,"MATCH","L2"
"311","8fbb4282","0","4",511,"MATCH","L2"
"312","b5480d50","0","4",672,"MATCH","L2"
"313","eedbf0c3","0","4",522,"MATCH","L2"
"314","66b7c5fa","0","4",483,"MATCH","L2"
"315","a29ce690","0","4",1131,"MATCH","L2"
"316","c42d2738","0","4",708,"MATCH","L2"
"317","aa132e6a","0","4",NA,"MATCH","L2"
"318","2151232b","0","4",893,"MATCH","L2"
"319","3260deba","0","4",1116,"MATCH","L2"
"320","c542a4f8","0","4",795,"MATCH","L2"
"321","8508ee6c","0","4",1883,"MATCH","L2"
"322","8f551579","0","4",1000,"MATCH","L2"
"323","8a2c97d5","0","4",451,"MATCH","L2"
"324","4d419e7a","0","4",713,"MATCH","L2"
"325","9fd8805f","0","4",NA,"MATCH","L2"
"326","0bd48e31","0","4",NA,"MATCH","L2"
"327","ee4837b0","0","4",480,"MATCH","L2"
"328","93b24402","0","4",560,"MATCH","L2"
"329","d3967b17","0","4",NA,"MATCH","L2"
"330","bfc95808","0","4",512,"MATCH","L2"
"331","c6385cb7","0","4",723,"MATCH","L2"
"332","d9ffc7ed","0","4",581,"MATCH","L2"
"333","50bfaf0e","0","4",1602,"MATCH","L2"
"334","cc817718","0","4",624,"MATCH","L2"
"335","0aa00f25","0","4",1049,"MATCH","L2"
"336","868df361","0","4",533,"MATCH","L2"
"337","3f91cfa7","0","4",1330,"MATCH","L2"
"338","7cda099a","0","4",763,"MATCH","L2"
"339","6bdf23ec","0","4",670,"MATCH","L2"
"340","8e1b5327","0","4",590,"MATCH","L2"
"341","c1b15df9","0","4",712,"MATCH","L2"
"342","1fc23b09","0","4",773,"MATCH","L2"
"343","0888364f","0","4",415,"MATCH","L2"
"344","5d5a0842","0","4",421,"MATCH","L2"
"345","d7f4b666","0","4",539,"MATCH","L2"
"346","df99e021","0","4",603,"MATCH","L2"
"347","d9c7c5ff","0","4",1035,"MATCH","L2"
"348","e034a323","1","4",1835,"MATCH","L2"
"349","13bc3a3e","1","4",2492,"MATCH","L2"
"350","833efcf2","1","4",12071,"MATCH","L2"
"351","1ba8b63a","1","4",NA,"MATCH","L2"
"352","5af29f72","1","4",989,"MATCH","L2"
"353","f36e76f9","1","4",663,"MATCH","L2"
"354","cfe9b984","1","4",NA,"MATCH","L2"
"355","3b1c676f","1","4",2344,"MATCH","L2"
"356","c15f1815","1","4",NA,"MATCH","L2"
"357","c7d554ea","1","4",1786,"MATCH","L2"
"358","da0f3d33","1","4",1609,"MATCH","L2"
"359","337d4896","1","4",1732,"MATCH","L2"
"360","8e107dc5","1","4",2354,"MATCH","L2"
"361","4f7e6316","1","4",NA,"MATCH","L2"
"362","016cb1a1","1","4",993,"MATCH","L2"
"363","e4e0da4a","1","4",1035,"MATCH","L2"
"364","ea5febef","1","4",820,"MATCH","L2"
"365","e6c18c70","1","4",918,"MATCH","L2"
"366","d66fa12b","1","4",NA,"MATCH","L2"
"367","dbeeb7ea","1","4",1879,"MATCH","L2"
"368","fb3bf7ba","1","4",NA,"MATCH","L2"
"369","8fa7f98f","1","4",NA,"MATCH","L2"
"370","7a99a20a","1","4",1516,"MATCH","L2"
"371","23c390c9","1","4",741,"MATCH","L2"
"372","0d3bd7a0","1","4",NA,"MATCH","L2"
"373","e026b148","1","4",NA,"MATCH","L2"
"374","b2f7aa09","1","4",1509,"MATCH","L2"
"375","59c1a5e7","1","4",1192,"MATCH","L2"
"376","c114f50f","1","4",1900,"MATCH","L2"
"377","3deaf195","1","4",NA,"MATCH","L2"
"378","514e5fd7","1","4",1377,"MATCH","L2"
"379","ffbb64d5","1","4",1025,"MATCH","L2"
"380","3387e93f","1","4",NA,"MATCH","L2"
"381","7b3f5faa","1","4",1841,"MATCH","L2"
"382","5f0bf551","1","4",1502,"MATCH","L2"
"383","32e65391","1","4",1409,"MATCH","L2"
"384","31e5a7ee","1","4",NA,"MATCH","L2"
"385","b03a0210","1","4",1265,"MATCH","L2"
"386","848074de","1","4",2514,"MATCH","L2"
"387","428830bf","1","4",NA,"MATCH","L2"
"388","d5268043","1","4",1469,"MATCH","L2"
"389","947b36a8","1","4",861,"MATCH","L2"
"390","f38ed83e","1","4",NA,"MATCH","L2"
"391","9c64d930","1","4",1981,"MATCH","L2"
"392","eb02331f","1","4",1755,"MATCH","L2"
"393","10848d7c","1","4",1259,"MATCH","L2"
"394","cbd7a6c9","1","4",NA,"MATCH","L2"
"395","2b9cdd4b","1","4",795,"MATCH","L2"
"396","66ae62e9","1","4",NA,"MATCH","L2"
"397","ad139538","1","4",1061,"MATCH","L2"
"398","ced60332","1","4",1179,"MATCH","L2"
"399","001b6dbd","1","4",2713,"MATCH","L2"
"400","c6d0416f","1","4",2450,"MATCH","L2"
"401","7f602b96","0","5",436,"MATCH","L2"
"402","4c0ed8e8","0","5",2759,"MATCH","L2"
"403","5f09194f","0","5",537,"MATCH","L2"
"404","cf96590e","0","5",NA,"MATCH","L2"
"405","7e2ddfb9","0","5",NA,"MATCH","L2"
"406","c736e9f8","0","5",743,"MATCH","L2"
"407","91388be0","0","5",663,"MATCH","L2"
"408","42761fd6","0","5",880,"MATCH","L2"
"409","00b3eb76","0","5",689,"MATCH","L2"
"410","4eeee54c","0","5",710,"MATCH","L2"
"411","8fbb4282","0","5",748,"MATCH","L2"
"412","b5480d50","0","5",693,"MATCH","L2"
"413","eedbf0c3","0","5",366,"MATCH","L2"
"414","66b7c5fa","0","5",441,"MATCH","L2"
"415","a29ce690","0","5",1236,"MATCH","L2"
"416","c42d2738","0","5",468,"MATCH","L2"
"417","aa132e6a","0","5",3691,"MATCH","L2"
"418","2151232b","0","5",1117,"MATCH","L2"
"419","3260deba","0","5",NA,"MATCH","L2"
"420","c542a4f8","0","5",581,"MATCH","L2"
"421","8508ee6c","0","5",2163,"MATCH","L2"
"422","8f551579","0","5",921,"MATCH","L2"
"423","8a2c97d5","0","5",360,"MATCH","L2"
"424","4d419e7a","0","5",2127,"MATCH","L2"
"425","9fd8805f","0","5",681,"MATCH","L2"
"426","0bd48e31","0","5",818,"MATCH","L2"
"427","ee4837b0","0","5",425,"MATCH","L2"
"428","93b24402","0","5",572,"MATCH","L2"
"429","d3967b17","0","5",1026,"MATCH","L2"
"430","bfc95808","0","5",583,"MATCH","L2"
"431","c6385cb7","0","5",NA,"MATCH","L2"
"432","d9ffc7ed","0","5",1325,"MATCH","L2"
"433","50bfaf0e","0","5",861,"MATCH","L2"
"434","cc817718","0","5",1532,"MATCH","L2"
"435","0aa00f25","0","5",650,"MATCH","L2"
"436","868df361","0","5",NA,"MATCH","L2"
"437","3f91cfa7","0","5",1947,"MATCH","L2"
"438","7cda099a","0","5",806,"MATCH","L2"
"439","6bdf23ec","0","5",972,"MATCH","L2"
"440","8e1b5327","0","5",493,"MATCH","L2"
"441","c1b15df9","0","5",NA,"MATCH","L2"
"442","1fc23b09","0","5",874,"MATCH","L2"
"443","0888364f","0","5",611,"MATCH","L2"
"444","5d5a0842","0","5",437,"MATCH","L2"
"445","d7f4b666","0","5",899,"MATCH","L2"
"446","df99e021","0","5",830,"MATCH","L2"
"447","d9c7c5ff","0","5",1062,"MATCH","L2"
"448","e034a323","1","5",NA,"MATCH","L2"
"449","13bc3a3e","1","5",2131,"MATCH","L2"
"450","833efcf2","1","5",1880,"MATCH","L2"
"451","1ba8b63a","1","5",NA,"MATCH","L2"
"452","5af29f72","1","5",612,"MATCH","L2"
"453","f36e76f9","1","5",NA,"MATCH","L2"
"454","cfe9b984","1","5",NA,"MATCH","L2"
"455","3b1c676f","1","5",828,"MATCH","L2"
"456","c15f1815","1","5",NA,"MATCH","L2"
"457","c7d554ea","1","5",774,"MATCH","L2"
"458","da0f3d33","1","5",NA,"MATCH","L2"
"459","337d4896","1","5",1178,"MATCH","L2"
"460","8e107dc5","1","5",499,"MATCH","L2"
"461","4f7e6316","1","5",1555,"MATCH","L2"
"462","016cb1a1","1","5",889,"MATCH","L2"
"463","e4e0da4a","1","5",973,"MATCH","L2"
"464","ea5febef","1","5",396,"MATCH","L2"
"465","e6c18c70","1","5",704,"MATCH","L2"
"466","d66fa12b","1","5",561,"MATCH","L2"
"467","dbeeb7ea","1","5",2797,"MATCH","L2"
"468","fb3bf7ba","1","5",NA,"MATCH","L2"
"469","8fa7f98f","1","5",584,"MATCH","L2"
"470","7a99a20a","1","5",NA,"MATCH","L2"
"471","23c390c9","1","5",561,"MATCH","L2"
"472","0d3bd7a0","1","5",5359,"MATCH","L2"
"473","e026b148","1","5",NA,"MATCH","L2"
"474","b2f7aa09","1","5",2460,"MATCH","L2"
"475","59c1a5e7","1","5",767,"MATCH","L2"
"476","c114f50f","1","5",1539,"MATCH","L2"
"477","3deaf195","1","5",NA,"MATCH","L2"
"478","514e5fd7","1","5",1112,"MATCH","L2"
"479","ffbb64d5","1","5",932,"MATCH","L2"
"480","3387e93f","1","5",NA,"MATCH","L2"
"481","7b3f5faa","1","5",1007,"MATCH","L2"
"482","5f0bf551","1","5",672,"MATCH","L2"
"483","32e65391","1","5",608,"MATCH","L2"
"484","31e5a7ee","1","5",1049,"MATCH","L2"
"485","b03a0210","1","5",812,"MATCH","L2"
"486","848074de","1","5",543,"MATCH","L2"
"487","428830bf","1","5",761,"MATCH","L2"
"488","d5268043","1","5",1698,"MATCH","L2"
"489","947b36a8","1","5",859,"MATCH","L2"
"490","f38ed83e","1","5",2073,"MATCH","L2"
"491","9c64d930","1","5",NA,"MATCH","L2"
"492","eb02331f","1","5",809,"MATCH","L2"
"493","10848d7c","1","5",832,"MATCH","L2"
"494","cbd7a6c9","1","5",694,"MATCH","L2"
"495","2b9cdd4b","1","5",1425,"MATCH","L2"
"496","66ae62e9","1","5",931,"MATCH","L2"
"497","ad139538","1","5",847,"MATCH","L2"
"498","ced60332","1","5",589,"MATCH","L2"
"499","001b6dbd","1","5",952,"MATCH","L2"
"500","c6d0416f","1","5",1166,"MATCH","L2"
"501","7f602b96","0","6",NA,"MATCH","L2"
"502","4c0ed8e8","0","6",2560,"MATCH","L2"
"503","5f09194f","0","6",NA,"MATCH","L2"
"504","cf96590e","0","6",NA,"MATCH","L2"
"505","7e2ddfb9","0","6",NA,"MATCH","L2"
"506","c736e9f8","0","6",NA,"MATCH","L2"
"507","91388be0","0","6",NA,"MATCH","L2"
"508","42761fd6","0","6",1115,"MATCH","L2"
"509","00b3eb76","0","6",NA,"MATCH","L2"
"510","4eeee54c","0","6",1897,"MATCH","L2"
"511","8fbb4282","0","6",NA,"MATCH","L2"
"512","b5480d50","0","6",1355,"MATCH","L2"
"513","eedbf0c3","0","6",695,"MATCH","L2"
"514","66b7c5fa","0","6",1104,"MATCH","L2"
"515","a29ce690","0","6",1024,"MATCH","L2"
"516","c42d2738","0","6",837,"MATCH","L2"
"517","aa132e6a","0","6",NA,"MATCH","L2"
"518","2151232b","0","6",1166,"MATCH","L2"
"519","3260deba","0","6",1470,"MATCH","L2"
"520","c542a4f8","0","6",NA,"MATCH","L2"
"521","8508ee6c","0","6",2278,"MATCH","L2"
"522","8f551579","0","6",3493,"MATCH","L2"
"523","8a2c97d5","0","6",869,"MATCH","L2"
"524","4d419e7a","0","6",1102,"MATCH","L2"
"525","9fd8805f","0","6",NA,"MATCH","L2"
"526","0bd48e31","0","6",1082,"MATCH","L2"
"527","ee4837b0","0","6",NA,"MATCH","L2"
"528","93b24402","0","6",499,"MATCH","L2"
"529","d3967b17","0","6",922,"MATCH","L2"
"530","bfc95808","0","6",NA,"MATCH","L2"
"531","c6385cb7","0","6",NA,"MATCH","L2"
"532","d9ffc7ed","0","6",1579,"MATCH","L2"
"533","50bfaf0e","0","6",2846,"MATCH","L2"
"534","cc817718","0","6",NA,"MATCH","L2"
"535","0aa00f25","0","6",1054,"MATCH","L2"
"536","868df361","0","6",956,"MATCH","L2"
"537","3f91cfa7","0","6",1587,"MATCH","L2"
"538","7cda099a","0","6",1628,"MATCH","L2"
"539","6bdf23ec","0","6",762,"MATCH","L2"
"540","8e1b5327","0","6",NA,"MATCH","L2"
"541","c1b15df9","0","6",1382,"MATCH","L2"
"542","1fc23b09","0","6",929,"MATCH","L2"
"543","0888364f","0","6",599,"MATCH","L2"
"544","5d5a0842","0","6",2376,"MATCH","L2"
"545","d7f4b666","0","6",1063,"MATCH","L2"
"546","df99e021","0","6",1098,"MATCH","L2"
"547","d9c7c5ff","0","6",3083,"MATCH","L2"
"548","e034a323","1","6",2783,"MATCH","L2"
"549","13bc3a3e","1","6",698,"MATCH","L2"
"550","833efcf2","1","6",1183,"MATCH","L2"
"551","1ba8b63a","1","6",NA,"MATCH","L2"
"552","5af29f72","1","6",431,"MATCH","L2"
"553","f36e76f9","1","6",933,"MATCH","L2"
"554","cfe9b984","1","6",543,"MATCH","L2"
"555","3b1c676f","1","6",NA,"MATCH","L2"
"556","c15f1815","1","6",1499,"MATCH","L2"
"557","c7d554ea","1","6",881,"MATCH","L2"
"558","da0f3d33","1","6",NA,"MATCH","L2"
"559","337d4896","1","6",2671,"MATCH","L2"
"560","8e107dc5","1","6",1010,"MATCH","L2"
"561","4f7e6316","1","6",1409,"MATCH","L2"
"562","016cb1a1","1","6",1317,"MATCH","L2"
"563","e4e0da4a","1","6",NA,"MATCH","L2"
"564","ea5febef","1","6",801,"MATCH","L2"
"565","e6c18c70","1","6",977,"MATCH","L2"
"566","d66fa12b","1","6",1304,"MATCH","L2"
"567","dbeeb7ea","1","6",NA,"MATCH","L2"
"568","fb3bf7ba","1","6",714,"MATCH","L2"
"569","8fa7f98f","1","6",1702,"MATCH","L2"
"570","7a99a20a","1","6",763,"MATCH","L2"
"571","23c390c9","1","6",542,"MATCH","L2"
"572","0d3bd7a0","1","6",NA,"MATCH","L2"
"573","e026b148","1","6",1050,"MATCH","L2"
"574","b2f7aa09","1","6",1641,"MATCH","L2"
"575","59c1a5e7","1","6",541,"MATCH","L2"
"576","c114f50f","1","6",NA,"MATCH","L2"
"577","3deaf195","1","6",NA,"MATCH","L2"
"578","514e5fd7","1","6",1153,"MATCH","L2"
"579","ffbb64d5","1","6",508,"MATCH","L2"
"580","3387e93f","1","6",399,"MATCH","L2"
"581","7b3f5faa","1","6",1274,"MATCH","L2"
"582","5f0bf551","1","6",685,"MATCH","L2"
"583","32e65391","1","6",625,"MATCH","L2"
"584","31e5a7ee","1","6",1721,"MATCH","L2"
"585","b03a0210","1","6",698,"MATCH","L2"
"586","848074de","1","6",563,"MATCH","L2"
"587","428830bf","1","6",1295,"MATCH","L2"
"588","d5268043","1","6",1497,"MATCH","L2"
"589","947b36a8","1","6",1738,"MATCH","L2"
"590","f38ed83e","1","6",1798,"MATCH","L2"
"591","9c64d930","1","6",827,"MATCH","L2"
"592","eb02331f","1","6",801,"MATCH","L2"
"593","10848d7c","1","6",553,"MATCH","L2"
"594","cbd7a6c9","1","6",724,"MATCH","L2"
"595","2b9cdd4b","1","6",575,"MATCH","L2"
"596","66ae62e9","1","6",NA,"MATCH","L2"
"597","ad139538","1","6",714,"MATCH","L2"
"598","ced60332","1","6",657,"MATCH","L2"
"599","001b6dbd","1","6",2455,"MATCH","L2"
"600","c6d0416f","1","6",557,"MATCH","L2"
"601","7f602b96","0","7",1239,"MATCH","L2"
"602","4c0ed8e8","0","7",861,"MATCH","L2"
"603","5f09194f","0","7",NA,"MATCH","L2"
"604","cf96590e","0","7",1019,"MATCH","L2"
"605","7e2ddfb9","0","7",1007,"MATCH","L2"
"606","c736e9f8","0","7",NA,"MATCH","L2"
"607","91388be0","0","7",NA,"MATCH","L2"
"608","42761fd6","0","7",896,"MATCH","L2"
"609","00b3eb76","0","7",784,"MATCH","L2"
"610","4eeee54c","0","7",1313,"MATCH","L2"
"611","8fbb4282","0","7",NA,"MATCH","L2"
"612","b5480d50","0","7",743,"MATCH","L2"
"613","eedbf0c3","0","7",544,"MATCH","L2"
"614","66b7c5fa","0","7",482,"MATCH","L2"
"615","a29ce690","0","7",1239,"MATCH","L2"
"616","c42d2738","0","7",479,"MATCH","L2"
"617","aa132e6a","0","7",NA,"MATCH","L2"
"618","2151232b","0","7",1904,"MATCH","L2"
"619","3260deba","0","7",NA,"MATCH","L2"
"620","c542a4f8","0","7",1496,"MATCH","L2"
"621","8508ee6c","0","7",1653,"MATCH","L2"
"622","8f551579","0","7",1547,"MATCH","L2"
"623","8a2c97d5","0","7",1203,"MATCH","L2"
"624","4d419e7a","0","7",1445,"MATCH","L2"
"625","9fd8805f","0","7",744,"MATCH","L2"
"626","0bd48e31","0","7",730,"MATCH","L2"
"627","ee4837b0","0","7",540,"MATCH","L2"
"628","93b24402","0","7",536,"MATCH","L2"
"629","d3967b17","0","7",613,"MATCH","L2"
"630","bfc95808","0","7",548,"MATCH","L2"
"631","c6385cb7","0","7",NA,"MATCH","L2"
"632","d9ffc7ed","0","7",518,"MATCH","L2"
"633","50bfaf0e","0","7",1134,"MATCH","L2"
"634","cc817718","0","7",950,"MATCH","L2"
"635","0aa00f25","0","7",766,"MATCH","L2"
"636","868df361","0","7",NA,"MATCH","L2"
"637","3f91cfa7","0","7",2957,"MATCH","L2"
"638","7cda099a","0","7",652,"MATCH","L2"
"639","6bdf23ec","0","7",512,"MATCH","L2"
"640","8e1b5327","0","7",NA,"MATCH","L2"
"641","c1b15df9","0","7",875,"MATCH","L2"
"642","1fc23b09","0","7",610,"MATCH","L2"
"643","0888364f","0","7",587,"MATCH","L2"
"644","5d5a0842","0","7",344,"MATCH","L2"
"645","d7f4b666","0","7",706,"MATCH","L2"
"646","df99e021","0","7",691,"MATCH","L2"
"647","d9c7c5ff","0","7",899,"MATCH","L2"
"648","e034a323","1","7",NA,"MATCH","L2"
"649","13bc3a3e","1","7",1131,"MATCH","L2"
"650","833efcf2","1","7",1923,"MATCH","L2"
"651","1ba8b63a","1","7",NA,"MATCH","L2"
"652","5af29f72","1","7",NA,"MATCH","L2"
"653","f36e76f9","1","7",399,"MATCH","L2"
"654","cfe9b984","1","7",NA,"MATCH","L2"
"655","3b1c676f","1","7",1133,"MATCH","L2"
"656","c15f1815","1","7",NA,"MATCH","L2"
"657","c7d554ea","1","7",1580,"MATCH","L2"
"658","da0f3d33","1","7",1209,"MATCH","L2"
"659","337d4896","1","7",2482,"MATCH","L2"
"660","8e107dc5","1","7",721,"MATCH","L2"
"661","4f7e6316","1","7",1463,"MATCH","L2"
"662","016cb1a1","1","7",1184,"MATCH","L2"
"663","e4e0da4a","1","7",2830,"MATCH","L2"
"664","ea5febef","1","7",485,"MATCH","L2"
"665","e6c18c70","1","7",NA,"MATCH","L2"
"666","d66fa12b","1","7",730,"MATCH","L2"
"667","dbeeb7ea","1","7",1071,"MATCH","L2"
"668","fb3bf7ba","1","7",1070,"MATCH","L2"
"669","8fa7f98f","1","7",597,"MATCH","L2"
"670","7a99a20a","1","7",NA,"MATCH","L2"
"671","23c390c9","1","7",661,"MATCH","L2"
"672","0d3bd7a0","1","7",469,"MATCH","L2"
"673","e026b148","1","7",2905,"MATCH","L2"
"674","b2f7aa09","1","7",1649,"MATCH","L2"
"675","59c1a5e7","1","7",642,"MATCH","L2"
"676","c114f50f","1","7",900,"MATCH","L2"
"677","3deaf195","1","7",NA,"MATCH","L2"
"678","514e5fd7","1","7",1899,"MATCH","L2"
"679","ffbb64d5","1","7",729,"MATCH","L2"
"680","3387e93f","1","7",2433,"MATCH","L2"
"681","7b3f5faa","1","7",1816,"MATCH","L2"
"682","5f0bf551","1","7",869,"MATCH","L2"
"683","32e65391","1","7",584,"MATCH","L2"
"684","31e5a7ee","1","7",888,"MATCH","L2"
"685","b03a0210","1","7",2185,"MATCH","L2"
"686","848074de","1","7",448,"MATCH","L2"
"687","428830bf","1","7",1151,"MATCH","L2"
"688","d5268043","1","7",2521,"MATCH","L2"
"689","947b36a8","1","7",1709,"MATCH","L2"
"690","f38ed83e","1","7",492,"MATCH","L2"
"691","9c64d930","1","7",543,"MATCH","L2"
"692","eb02331f","1","7",965,"MATCH","L2"
"693","10848d7c","1","7",1281,"MATCH","L2"
"694","cbd7a6c9","1","7",782,"MATCH","L2"
"695","2b9cdd4b","1","7",NA,"MATCH","L2"
"696","66ae62e9","1","7",753,"MATCH","L2"
"697","ad139538","1","7",640,"MATCH","L2"
"698","ced60332","1","7",NA,"MATCH","L2"
"699","001b6dbd","1","7",516,"MATCH","L2"
"700","c6d0416f","1","7",645,"MATCH","L2"
"701","7f602b96","0","8",607,"MATCH","L2"
"702","4c0ed8e8","0","8",532,"MATCH","L2"
"703","5f09194f","0","8",349,"MATCH","L2"
"704","cf96590e","0","8",543,"MATCH","L2"
"705","7e2ddfb9","0","8",786,"MATCH","L2"
"706","c736e9f8","0","8",517,"MATCH","L2"
"707","91388be0","0","8",646,"MATCH","L2"
"708","42761fd6","0","8",996,"MATCH","L2"
"709","00b3eb76","0","8",1149,"MATCH","L2"
"710","4eeee54c","0","8",1212,"MATCH","L2"
"711","8fbb4282","0","8",458,"MATCH","L2"
"712","b5480d50","0","8",653,"MATCH","L2"
"713","eedbf0c3","0","8",640,"MATCH","L2"
"714","66b7c5fa","0","8",609,"MATCH","L2"
"715","a29ce690","0","8",620,"MATCH","L2"
"716","c42d2738","0","8",695,"MATCH","L2"
"717","aa132e6a","0","8",1065,"MATCH","L2"
"718","2151232b","0","8",1238,"MATCH","L2"
"719","3260deba","0","8",1186,"MATCH","L2"
"720","c542a4f8","0","8",944,"MATCH","L2"
"721","8508ee6c","0","8",2646,"MATCH","L2"
"722","8f551579","0","8",581,"MATCH","L2"
"723","8a2c97d5","0","8",456,"MATCH","L2"
"724","4d419e7a","0","8",770,"MATCH","L2"
"725","9fd8805f","0","8",1054,"MATCH","L2"
"726","0bd48e31","0","8",904,"MATCH","L2"
"727","ee4837b0","0","8",862,"MATCH","L2"
"728","93b24402","0","8",534,"MATCH","L2"
"729","d3967b17","0","8",NA,"MATCH","L2"
"730","bfc95808","0","8",551,"MATCH","L2"
"731","c6385cb7","0","8",1250,"MATCH","L2"
"732","d9ffc7ed","0","8",561,"MATCH","L2"
"733","50bfaf0e","0","8",618,"MATCH","L2"
"734","cc817718","0","8",718,"MATCH","L2"
"735","0aa00f25","0","8",537,"MATCH","L2"
"736","868df361","0","8",665,"MATCH","L2"
"737","3f91cfa7","0","8",2376,"MATCH","L2"
"738","7cda099a","0","8",527,"MATCH","L2"
"739","6bdf23ec","0","8",563,"MATCH","L2"
"740","8e1b5327","0","8",555,"MATCH","L2"
"741","c1b15df9","0","8",607,"MATCH","L2"
"742","1fc23b09","0","8",618,"MATCH","L2"
"743","0888364f","0","8",490,"MATCH","L2"
"744","5d5a0842","0","8",499,"MATCH","L2"
"745","d7f4b666","0","8",915,"MATCH","L2"
"746","df99e021","0","8",702,"MATCH","L2"
"747","d9c7c5ff","0","8",NA,"MATCH","L2"
"748","e034a323","1","8",797,"MATCH","L2"
"749","13bc3a3e","1","8",898,"MATCH","L2"
"750","833efcf2","1","8",565,"MATCH","L2"
"751","1ba8b63a","1","8",1849,"MATCH","L2"
"752","5af29f72","1","8",1711,"MATCH","L2"
"753","f36e76f9","1","8",580,"MATCH","L2"
"754","cfe9b984","1","8",676,"MATCH","L2"
"755","3b1c676f","1","8",NA,"MATCH","L2"
"756","c15f1815","1","8",863,"MATCH","L2"
"757","c7d554ea","1","8",974,"MATCH","L2"
"758","da0f3d33","1","8",759,"MATCH","L2"
"759","337d4896","1","8",621,"MATCH","L2"
"760","8e107dc5","1","8",418,"MATCH","L2"
"761","4f7e6316","1","8",NA,"MATCH","L2"
"762","016cb1a1","1","8",598,"MATCH","L2"
"763","e4e0da4a","1","8",1149,"MATCH","L2"
"764","ea5febef","1","8",593,"MATCH","L2"
"765","e6c18c70","1","8",1176,"MATCH","L2"
"766","d66fa12b","1","8",440,"MATCH","L2"
"767","dbeeb7ea","1","8",1124,"MATCH","L2"
"768","fb3bf7ba","1","8",415,"MATCH","L2"
"769","8fa7f98f","1","8",NA,"MATCH","L2"
"770","7a99a20a","1","8",NA,"MATCH","L2"
"771","23c390c9","1","8",574,"MATCH","L2"
"772","0d3bd7a0","1","8",701,"MATCH","L2"
"773","e026b148","1","8",540,"MATCH","L2"
"774","b2f7aa09","1","8",1217,"MATCH","L2"
"775","59c1a5e7","1","8",861,"MATCH","L2"
"776","c114f50f","1","8",952,"MATCH","L2"
"777","3deaf195","1","8",777,"MATCH","L2"
"778","514e5fd7","1","8",664,"MATCH","L2"
"779","ffbb64d5","1","8",656,"MATCH","L2"
"780","3387e93f","1","8",1253,"MATCH","L2"
"781","7b3f5faa","1","8",705,"MATCH","L2"
"782","5f0bf551","1","8",701,"MATCH","L2"
"783","32e65391","1","8",608,"MATCH","L2"
"784","31e5a7ee","1","8",753,"MATCH","L2"
"785","b03a0210","1","8",672,"MATCH","L2"
"786","848074de","1","8",488,"MATCH","L2"
"787","428830bf","1","8",973,"MATCH","L2"
"788","d5268043","1","8",999,"MATCH","L2"
"789","947b36a8","1","8",1149,"MATCH","L2"
"790","f38ed83e","1","8",1019,"MATCH","L2"
"791","9c64d930","1","8",632,"MATCH","L2"
"792","eb02331f","1","8",554,"MATCH","L2"
"793","10848d7c","1","8",611,"MATCH","L2"
"794","cbd7a6c9","1","8",1362,"MATCH","L2"
"795","2b9cdd4b","1","8",1104,"MATCH","L2"
"796","66ae62e9","1","8",750,"MATCH","L2"
"797","ad139538","1","8",896,"MATCH","L2"
"798","ced60332","1","8",538,"MATCH","L2"
"799","001b6dbd","1","8",1006,"MATCH","L2"
"800","c6d0416f","1","8",726,"MATCH","L2"
"801","7f602b96","0","1",993,"MISMATCH","L2"
"802","4c0ed8e8","0","1",2562,"MISMATCH","L2"
"803","5f09194f","0","1",2833,"MISMATCH","L2"
"804","cf96590e","0","1",2919,"MISMATCH","L2"
"805","7e2ddfb9","0","1",NA,"MISMATCH","L2"
"806","c736e9f8","0","1",1667,"MISMATCH","L2"
"807","91388be0","0","1",1451,"MISMATCH","L2"
"808","42761fd6","0","1",NA,"MISMATCH","L2"
"809","00b3eb76","0","1",1268,"MISMATCH","L2"
"810","4eeee54c","0","1",1093,"MISMATCH","L2"
"811","8fbb4282","0","1",NA,"MISMATCH","L2"
"812","b5480d50","0","1",1268,"MISMATCH","L2"
"813","eedbf0c3","0","1",881,"MISMATCH","L2"
"814","66b7c5fa","0","1",629,"MISMATCH","L2"
"815","a29ce690","0","1",1344,"MISMATCH","L2"
"816","c42d2738","0","1",831,"MISMATCH","L2"
"817","aa132e6a","0","1",NA,"MISMATCH","L2"
"818","2151232b","0","1",1759,"MISMATCH","L2"
"819","3260deba","0","1",1859,"MISMATCH","L2"
"820","c542a4f8","0","1",2712,"MISMATCH","L2"
"821","8508ee6c","0","1",1772,"MISMATCH","L2"
"822","8f551579","0","1",1120,"MISMATCH","L2"
"823","8a2c97d5","0","1",NA,"MISMATCH","L2"
"824","4d419e7a","0","1",1253,"MISMATCH","L2"
"825","9fd8805f","0","1",1117,"MISMATCH","L2"
"826","0bd48e31","0","1",1185,"MISMATCH","L2"
"827","ee4837b0","0","1",627,"MISMATCH","L2"
"828","93b24402","0","1",NA,"MISMATCH","L2"
"829","d3967b17","0","1",1691,"MISMATCH","L2"
"830","bfc95808","0","1",1545,"MISMATCH","L2"
"831","c6385cb7","0","1",NA,"MISMATCH","L2"
"832","d9ffc7ed","0","1",1035,"MISMATCH","L2"
"833","50bfaf0e","0","1",NA,"MISMATCH","L2"
"834","cc817718","0","1",1577,"MISMATCH","L2"
"835","0aa00f25","0","1",1243,"MISMATCH","L2"
"836","868df361","0","1",1297,"MISMATCH","L2"
"837","3f91cfa7","0","1",NA,"MISMATCH","L2"
"838","7cda099a","0","1",NA,"MISMATCH","L2"
"839","6bdf23ec","0","1",760,"MISMATCH","L2"
"840","8e1b5327","0","1",NA,"MISMATCH","L2"
"841","c1b15df9","0","1",862,"MISMATCH","L2"
"842","1fc23b09","0","1",800,"MISMATCH","L2"
"843","0888364f","0","1",730,"MISMATCH","L2"
"844","5d5a0842","0","1",878,"MISMATCH","L2"
"845","d7f4b666","0","1",2189,"MISMATCH","L2"
"846","df99e021","0","1",2018,"MISMATCH","L2"
"847","d9c7c5ff","0","1",2047,"MISMATCH","L2"
"848","e034a323","1","1",989,"MISMATCH","L2"
"849","13bc3a3e","1","1",666,"MISMATCH","L2"
"850","833efcf2","1","1",1026,"MISMATCH","L2"
"851","1ba8b63a","1","1",1208,"MISMATCH","L2"
"852","5af29f72","1","1",NA,"MISMATCH","L2"
"853","f36e76f9","1","1",1047,"MISMATCH","L2"
"854","cfe9b984","1","1",904,"MISMATCH","L2"
"855","3b1c676f","1","1",NA,"MISMATCH","L2"
"856","c15f1815","1","1",917,"MISMATCH","L2"
"857","c7d554ea","1","1",563,"MISMATCH","L2"
"858","da0f3d33","1","1",854,"MISMATCH","L2"
"859","337d4896","1","1",1402,"MISMATCH","L2"
"860","8e107dc5","1","1",704,"MISMATCH","L2"
"861","4f7e6316","1","1",1269,"MISMATCH","L2"
"862","016cb1a1","1","1",NA,"MISMATCH","L2"
"863","e4e0da4a","1","1",NA,"MISMATCH","L2"
"864","ea5febef","1","1",561,"MISMATCH","L2"
"865","e6c18c70","1","1",890,"MISMATCH","L2"
"866","d66fa12b","1","1",NA,"MISMATCH","L2"
"867","dbeeb7ea","1","1",1301,"MISMATCH","L2"
"868","fb3bf7ba","1","1",NA,"MISMATCH","L2"
"869","8fa7f98f","1","1",657,"MISMATCH","L2"
"870","7a99a20a","1","1",744,"MISMATCH","L2"
"871","23c390c9","1","1",728,"MISMATCH","L2"
"872","0d3bd7a0","1","1",1843,"MISMATCH","L2"
"873","e026b148","1","1",839,"MISMATCH","L2"
"874","b2f7aa09","1","1",904,"MISMATCH","L2"
"875","59c1a5e7","1","1",1376,"MISMATCH","L2"
"876","c114f50f","1","1",807,"MISMATCH","L2"
"877","3deaf195","1","1",NA,"MISMATCH","L2"
"878","514e5fd7","1","1",1555,"MISMATCH","L2"
"879","ffbb64d5","1","1",475,"MISMATCH","L2"
"880","3387e93f","1","1",3000,"MISMATCH","L2"
"881","7b3f5faa","1","1",611,"MISMATCH","L2"
"882","5f0bf551","1","1",792,"MISMATCH","L2"
"883","32e65391","1","1",903,"MISMATCH","L2"
"884","31e5a7ee","1","1",NA,"MISMATCH","L2"
"885","b03a0210","1","1",905,"MISMATCH","L2"
"886","848074de","1","1",NA,"MISMATCH","L2"
"887","428830bf","1","1",1142,"MISMATCH","L2"
"888","d5268043","1","1",1038,"MISMATCH","L2"
"889","947b36a8","1","1",1748,"MISMATCH","L2"
"890","f38ed83e","1","1",1046,"MISMATCH","L2"
"891","9c64d930","1","1",667,"MISMATCH","L2"
"892","eb02331f","1","1",1151,"MISMATCH","L2"
"893","10848d7c","1","1",691,"MISMATCH","L2"
"894","cbd7a6c9","1","1",971,"MISMATCH","L2"
"895","2b9cdd4b","1","1",790,"MISMATCH","L2"
"896","66ae62e9","1","1",1129,"MISMATCH","L2"
"897","ad139538","1","1",801,"MISMATCH","L2"
"898","ced60332","1","1",1017,"MISMATCH","L2"
"899","001b6dbd","1","1",880,"MISMATCH","L2"
"900","c6d0416f","1","1",771,"MISMATCH","L2"
"901","7f602b96","0","2",936,"MISMATCH","L2"
"902","4c0ed8e8","0","2",NA,"MISMATCH","L2"
"903","5f09194f","0","2",626,"MISMATCH","L2"
"904","cf96590e","0","2",2619,"MISMATCH","L2"
"905","7e2ddfb9","0","2",1215,"MISMATCH","L2"
"906","c736e9f8","0","2",691,"MISMATCH","L2"
"907","91388be0","0","2",733,"MISMATCH","L2"
"908","42761fd6","0","2",1677,"MISMATCH","L2"
"909","00b3eb76","0","2",973,"MISMATCH","L2"
"910","4eeee54c","0","2",1280,"MISMATCH","L2"
"911","8fbb4282","0","2",779,"MISMATCH","L2"
"912","b5480d50","0","2",1773,"MISMATCH","L2"
"913","eedbf0c3","0","2",480,"MISMATCH","L2"
"914","66b7c5fa","0","2",790,"MISMATCH","L2"
"915","a29ce690","0","2",1326,"MISMATCH","L2"
"916","c42d2738","0","2",NA,"MISMATCH","L2"
"917","aa132e6a","0","2",1335,"MISMATCH","L2"
"918","2151232b","0","2",NA,"MISMATCH","L2"
"919","3260deba","0","2",NA,"MISMATCH","L2"
"920","c542a4f8","0","2",546,"MISMATCH","L2"
"921","8508ee6c","0","2",2437,"MISMATCH","L2"
"922","8f551579","0","2",950,"MISMATCH","L2"
"923","8a2c97d5","0","2",NA,"MISMATCH","L2"
"924","4d419e7a","0","2",2186,"MISMATCH","L2"
"925","9fd8805f","0","2",915,"MISMATCH","L2"
"926","0bd48e31","0","2",1972,"MISMATCH","L2"
"927","ee4837b0","0","2",1210,"MISMATCH","L2"
"928","93b24402","0","2",612,"MISMATCH","L2"
"929","d3967b17","0","2",2373,"MISMATCH","L2"
"930","bfc95808","0","2",1219,"MISMATCH","L2"
"931","c6385cb7","0","2",739,"MISMATCH","L2"
"932","d9ffc7ed","0","2",1023,"MISMATCH","L2"
"933","50bfaf0e","0","2",848,"MISMATCH","L2"
"934","cc817718","0","2",1894,"MISMATCH","L2"
"935","0aa00f25","0","2",691,"MISMATCH","L2"
"936","868df361","0","2",NA,"MISMATCH","L2"
"937","3f91cfa7","0","2",NA,"MISMATCH","L2"
"938","7cda099a","0","2",NA,"MISMATCH","L2"
"939","6bdf23ec","0","2",1254,"MISMATCH","L2"
"940","8e1b5327","0","2",673,"MISMATCH","L2"
"941","c1b15df9","0","2",1239,"MISMATCH","L2"
"942","1fc23b09","0","2",NA,"MISMATCH","L2"
"943","0888364f","0","2",757,"MISMATCH","L2"
"944","5d5a0842","0","2",NA,"MISMATCH","L2"
"945","d7f4b666","0","2",1160,"MISMATCH","L2"
"946","df99e021","0","2",2308,"MISMATCH","L2"
"947","d9c7c5ff","0","2",2762,"MISMATCH","L2"
"948","e034a323","1","2",1265,"MISMATCH","L2"
"949","13bc3a3e","1","2",969,"MISMATCH","L2"
"950","833efcf2","1","2",884,"MISMATCH","L2"
"951","1ba8b63a","1","2",1014,"MISMATCH","L2"
"952","5af29f72","1","2",589,"MISMATCH","L2"
"953","f36e76f9","1","2",671,"MISMATCH","L2"
"954","cfe9b984","1","2",601,"MISMATCH","L2"
"955","3b1c676f","1","2",1448,"MISMATCH","L2"
"956","c15f1815","1","2",947,"MISMATCH","L2"
"957","c7d554ea","1","2",NA,"MISMATCH","L2"
"958","da0f3d33","1","2",1047,"MISMATCH","L2"
"959","337d4896","1","2",2889,"MISMATCH","L2"
"960","8e107dc5","1","2",484,"MISMATCH","L2"
"961","4f7e6316","1","2",2185,"MISMATCH","L2"
"962","016cb1a1","1","2",1206,"MISMATCH","L2"
"963","e4e0da4a","1","2",NA,"MISMATCH","L2"
"964","ea5febef","1","2",556,"MISMATCH","L2"
"965","e6c18c70","1","2",1151,"MISMATCH","L2"
"966","d66fa12b","1","2",1035,"MISMATCH","L2"
"967","dbeeb7ea","1","2",1244,"MISMATCH","L2"
"968","fb3bf7ba","1","2",1054,"MISMATCH","L2"
"969","8fa7f98f","1","2",711,"MISMATCH","L2"
"970","7a99a20a","1","2",NA,"MISMATCH","L2"
"971","23c390c9","1","2",760,"MISMATCH","L2"
"972","0d3bd7a0","1","2",744,"MISMATCH","L2"
"973","e026b148","1","2",578,"MISMATCH","L2"
"974","b2f7aa09","1","2",1468,"MISMATCH","L2"
"975","59c1a5e7","1","2",976,"MISMATCH","L2"
"976","c114f50f","1","2",1466,"MISMATCH","L2"
"977","3deaf195","1","2",1372,"MISMATCH","L2"
"978","514e5fd7","1","2",2801,"MISMATCH","L2"
"979","ffbb64d5","1","2",877,"MISMATCH","L2"
"980","3387e93f","1","2",2524,"MISMATCH","L2"
"981","7b3f5faa","1","2",771,"MISMATCH","L2"
"982","5f0bf551","1","2",682,"MISMATCH","L2"
"983","32e65391","1","2",994,"MISMATCH","L2"
"984","31e5a7ee","1","2",1794,"MISMATCH","L2"
"985","b03a0210","1","2",NA,"MISMATCH","L2"
"986","848074de","1","2",1067,"MISMATCH","L2"
"987","428830bf","1","2",1644,"MISMATCH","L2"
"988","d5268043","1","2",1735,"MISMATCH","L2"
"989","947b36a8","1","2",755,"MISMATCH","L2"
"990","f38ed83e","1","2",728,"MISMATCH","L2"
"991","9c64d930","1","2",1932,"MISMATCH","L2"
"992","eb02331f","1","2",1091,"MISMATCH","L2"
"993","10848d7c","1","2",630,"MISMATCH","L2"
"994","cbd7a6c9","1","2",1651,"MISMATCH","L2"
"995","2b9cdd4b","1","2",637,"MISMATCH","L2"
"996","66ae62e9","1","2",1481,"MISMATCH","L2"
"997","ad139538","1","2",1153,"MISMATCH","L2"
"998","ced60332","1","2",643,"MISMATCH","L2"
"999","001b6dbd","1","2",2475,"MISMATCH","L2"
"1000","c6d0416f","1","2",960,"MISMATCH","L2"
"1001","7f602b96","0","3",2122,"MISMATCH","L2"
"1002","4c0ed8e8","0","3",1495,"MISMATCH","L2"
"1003","5f09194f","0","3",468,"MISMATCH","L2"
"1004","cf96590e","0","3",NA,"MISMATCH","L2"
"1005","7e2ddfb9","0","3",784,"MISMATCH","L2"
"1006","c736e9f8","0","3",2068,"MISMATCH","L2"
"1007","91388be0","0","3",704,"MISMATCH","L2"
"1008","42761fd6","0","3",1673,"MISMATCH","L2"
"1009","00b3eb76","0","3",437,"MISMATCH","L2"
"1010","4eeee54c","0","3",648,"MISMATCH","L2"
"1011","8fbb4282","0","3",1325,"MISMATCH","L2"
"1012","b5480d50","0","3",848,"MISMATCH","L2"
"1013","eedbf0c3","0","3",569,"MISMATCH","L2"
"1014","66b7c5fa","0","3",516,"MISMATCH","L2"
"1015","a29ce690","0","3",2948,"MISMATCH","L2"
"1016","c42d2738","0","3",NA,"MISMATCH","L2"
"1017","aa132e6a","0","3",1263,"MISMATCH","L2"
"1018","2151232b","0","3",1886,"MISMATCH","L2"
"1019","3260deba","0","3",NA,"MISMATCH","L2"
"1020","c542a4f8","0","3",2871,"MISMATCH","L2"
"1021","8508ee6c","0","3",NA,"MISMATCH","L2"
"1022","8f551579","0","3",465,"MISMATCH","L2"
"1023","8a2c97d5","0","3",452,"MISMATCH","L2"
"1024","4d419e7a","0","3",964,"MISMATCH","L2"
"1025","9fd8805f","0","3",2130,"MISMATCH","L2"
"1026","0bd48e31","0","3",2271,"MISMATCH","L2"
"1027","ee4837b0","0","3",926,"MISMATCH","L2"
"1028","93b24402","0","3",NA,"MISMATCH","L2"
"1029","d3967b17","0","3",2218,"MISMATCH","L2"
"1030","bfc95808","0","3",783,"MISMATCH","L2"
"1031","c6385cb7","0","3",2292,"MISMATCH","L2"
"1032","d9ffc7ed","0","3",741,"MISMATCH","L2"
"1033","50bfaf0e","0","3",2879,"MISMATCH","L2"
"1034","cc817718","0","3",NA,"MISMATCH","L2"
"1035","0aa00f25","0","3",600,"MISMATCH","L2"
"1036","868df361","0","3",671,"MISMATCH","L2"
"1037","3f91cfa7","0","3",4774,"MISMATCH","L2"
"1038","7cda099a","0","3",1776,"MISMATCH","L2"
"1039","6bdf23ec","0","3",973,"MISMATCH","L2"
"1040","8e1b5327","0","3",596,"MISMATCH","L2"
"1041","c1b15df9","0","3",1158,"MISMATCH","L2"
"1042","1fc23b09","0","3",692,"MISMATCH","L2"
"1043","0888364f","0","3",539,"MISMATCH","L2"
"1044","5d5a0842","0","3",972,"MISMATCH","L2"
"1045","d7f4b666","0","3",626,"MISMATCH","L2"
"1046","df99e021","0","3",495,"MISMATCH","L2"
"1047","d9c7c5ff","0","3",1915,"MISMATCH","L2"
"1048","e034a323","1","3",1148,"MISMATCH","L2"
"1049","13bc3a3e","1","3",755,"MISMATCH","L2"
"1050","833efcf2","1","3",880,"MISMATCH","L2"
"1051","1ba8b63a","1","3",2265,"MISMATCH","L2"
"1052","5af29f72","1","3",910,"MISMATCH","L2"
"1053","f36e76f9","1","3",937,"MISMATCH","L2"
"1054","cfe9b984","1","3",767,"MISMATCH","L2"
"1055","3b1c676f","1","3",3738,"MISMATCH","L2"
"1056","c15f1815","1","3",1180,"MISMATCH","L2"
"1057","c7d554ea","1","3",1753,"MISMATCH","L2"
"1058","da0f3d33","1","3",NA,"MISMATCH","L2"
"1059","337d4896","1","3",1863,"MISMATCH","L2"
"1060","8e107dc5","1","3",2521,"MISMATCH","L2"
"1061","4f7e6316","1","3",2022,"MISMATCH","L2"
"1062","016cb1a1","1","3",1389,"MISMATCH","L2"
"1063","e4e0da4a","1","3",2578,"MISMATCH","L2"
"1064","ea5febef","1","3",667,"MISMATCH","L2"
"1065","e6c18c70","1","3",NA,"MISMATCH","L2"
"1066","d66fa12b","1","3",1841,"MISMATCH","L2"
"1067","dbeeb7ea","1","3",833,"MISMATCH","L2"
"1068","fb3bf7ba","1","3",NA,"MISMATCH","L2"
"1069","8fa7f98f","1","3",1355,"MISMATCH","L2"
"1070","7a99a20a","1","3",894,"MISMATCH","L2"
"1071","23c390c9","1","3",711,"MISMATCH","L2"
"1072","0d3bd7a0","1","3",NA,"MISMATCH","L2"
"1073","e026b148","1","3",733,"MISMATCH","L2"
"1074","b2f7aa09","1","3",785,"MISMATCH","L2"
"1075","59c1a5e7","1","3",2081,"MISMATCH","L2"
"1076","c114f50f","1","3",NA,"MISMATCH","L2"
"1077","3deaf195","1","3",NA,"MISMATCH","L2"
"1078","514e5fd7","1","3",NA,"MISMATCH","L2"
"1079","ffbb64d5","1","3",2122,"MISMATCH","L2"
"1080","3387e93f","1","3",2482,"MISMATCH","L2"
"1081","7b3f5faa","1","3",591,"MISMATCH","L2"
"1082","5f0bf551","1","3",621,"MISMATCH","L2"
"1083","32e65391","1","3",1202,"MISMATCH","L2"
"1084","31e5a7ee","1","3",NA,"MISMATCH","L2"
"1085","b03a0210","1","3",NA,"MISMATCH","L2"
"1086","848074de","1","3",983,"MISMATCH","L2"
"1087","428830bf","1","3",1118,"MISMATCH","L2"
"1088","d5268043","1","3",1201,"MISMATCH","L2"
"1089","947b36a8","1","3",1090,"MISMATCH","L2"
"1090","f38ed83e","1","3",2224,"MISMATCH","L2"
"1091","9c64d930","1","3",1964,"MISMATCH","L2"
"1092","eb02331f","1","3",2435,"MISMATCH","L2"
"1093","10848d7c","1","3",NA,"MISMATCH","L2"
"1094","cbd7a6c9","1","3",708,"MISMATCH","L2"
"1095","2b9cdd4b","1","3",NA,"MISMATCH","L2"
"1096","66ae62e9","1","3",707,"MISMATCH","L2"
"1097","ad139538","1","3",NA,"MISMATCH","L2"
"1098","ced60332","1","3",NA,"MISMATCH","L2"
"1099","001b6dbd","1","3",NA,"MISMATCH","L2"
"1100","c6d0416f","1","3",1136,"MISMATCH","L2"
"1101","7f602b96","0","4",1052,"MISMATCH","L2"
"1102","4c0ed8e8","0","4",1100,"MISMATCH","L2"
"1103","5f09194f","0","4",2834,"MISMATCH","L2"
"1104","cf96590e","0","4",NA,"MISMATCH","L2"
"1105","7e2ddfb9","0","4",NA,"MISMATCH","L2"
"1106","c736e9f8","0","4",1136,"MISMATCH","L2"
"1107","91388be0","0","4",1261,"MISMATCH","L2"
"1108","42761fd6","0","4",1542,"MISMATCH","L2"
"1109","00b3eb76","0","4",804,"MISMATCH","L2"
"1110","4eeee54c","0","4",1724,"MISMATCH","L2"
"1111","8fbb4282","0","4",NA,"MISMATCH","L2"
"1112","b5480d50","0","4",2813,"MISMATCH","L2"
"1113","eedbf0c3","0","4",NA,"MISMATCH","L2"
"1114","66b7c5fa","0","4",NA,"MISMATCH","L2"
"1115","a29ce690","0","4",NA,"MISMATCH","L2"
"1116","c42d2738","0","4",562,"MISMATCH","L2"
"1117","aa132e6a","0","4",NA,"MISMATCH","L2"
"1118","2151232b","0","4",1505,"MISMATCH","L2"
"1119","3260deba","0","4",NA,"MISMATCH","L2"
"1120","c542a4f8","0","4",1688,"MISMATCH","L2"
"1121","8508ee6c","0","4",2335,"MISMATCH","L2"
"1122","8f551579","0","4",1431,"MISMATCH","L2"
"1123","8a2c97d5","0","4",NA,"MISMATCH","L2"
"1124","4d419e7a","0","4",1010,"MISMATCH","L2"
"1125","9fd8805f","0","4",2216,"MISMATCH","L2"
"1126","0bd48e31","0","4",NA,"MISMATCH","L2"
"1127","ee4837b0","0","4",943,"MISMATCH","L2"
"1128","93b24402","0","4",545,"MISMATCH","L2"
"1129","d3967b17","0","4",1048,"MISMATCH","L2"
"1130","bfc95808","0","4",1059,"MISMATCH","L2"
"1131","c6385cb7","0","4",NA,"MISMATCH","L2"
"1132","d9ffc7ed","0","4",732,"MISMATCH","L2"
"1133","50bfaf0e","0","4",844,"MISMATCH","L2"
"1134","cc817718","0","4",2979,"MISMATCH","L2"
"1135","0aa00f25","0","4",1438,"MISMATCH","L2"
"1136","868df361","0","4",732,"MISMATCH","L2"
"1137","3f91cfa7","0","4",NA,"MISMATCH","L2"
"1138","7cda099a","0","4",1857,"MISMATCH","L2"
"1139","6bdf23ec","0","4",986,"MISMATCH","L2"
"1140","8e1b5327","0","4",NA,"MISMATCH","L2"
"1141","c1b15df9","0","4",1026,"MISMATCH","L2"
"1142","1fc23b09","0","4",NA,"MISMATCH","L2"
"1143","0888364f","0","4",602,"MISMATCH","L2"
"1144","5d5a0842","0","4",932,"MISMATCH","L2"
"1145","d7f4b666","0","4",NA,"MISMATCH","L2"
"1146","df99e021","0","4",834,"MISMATCH","L2"
"1147","d9c7c5ff","0","4",2758,"MISMATCH","L2"
"1148","e034a323","1","4",1252,"MISMATCH","L2"
"1149","13bc3a3e","1","4",650,"MISMATCH","L2"
"1150","833efcf2","1","4",2240,"MISMATCH","L2"
"1151","1ba8b63a","1","4",NA,"MISMATCH","L2"
"1152","5af29f72","1","4",705,"MISMATCH","L2"
"1153","f36e76f9","1","4",569,"MISMATCH","L2"
"1154","cfe9b984","1","4",768,"MISMATCH","L2"
"1155","3b1c676f","1","4",1575,"MISMATCH","L2"
"1156","c15f1815","1","4",NA,"MISMATCH","L2"
"1157","c7d554ea","1","4",NA,"MISMATCH","L2"
"1158","da0f3d33","1","4",946,"MISMATCH","L2"
"1159","337d4896","1","4",NA,"MISMATCH","L2"
"1160","8e107dc5","1","4",550,"MISMATCH","L2"
"1161","4f7e6316","1","4",2313,"MISMATCH","L2"
"1162","016cb1a1","1","4",NA,"MISMATCH","L2"
"1163","e4e0da4a","1","4",2470,"MISMATCH","L2"
"1164","ea5febef","1","4",2069,"MISMATCH","L2"
"1165","e6c18c70","1","4",671,"MISMATCH","L2"
"1166","d66fa12b","1","4",2153,"MISMATCH","L2"
"1167","dbeeb7ea","1","4",1415,"MISMATCH","L2"
"1168","fb3bf7ba","1","4",729,"MISMATCH","L2"
"1169","8fa7f98f","1","4",NA,"MISMATCH","L2"
"1170","7a99a20a","1","4",1800,"MISMATCH","L2"
"1171","23c390c9","1","4",867,"MISMATCH","L2"
"1172","0d3bd7a0","1","4",2700,"MISMATCH","L2"
"1173","e026b148","1","4",1053,"MISMATCH","L2"
"1174","b2f7aa09","1","4",927,"MISMATCH","L2"
"1175","59c1a5e7","1","4",NA,"MISMATCH","L2"
"1176","c114f50f","1","4",678,"MISMATCH","L2"
"1177","3deaf195","1","4",NA,"MISMATCH","L2"
"1178","514e5fd7","1","4",NA,"MISMATCH","L2"
"1179","ffbb64d5","1","4",1047,"MISMATCH","L2"
"1180","3387e93f","1","4",NA,"MISMATCH","L2"
"1181","7b3f5faa","1","4",NA,"MISMATCH","L2"
"1182","5f0bf551","1","4",554,"MISMATCH","L2"
"1183","32e65391","1","4",759,"MISMATCH","L2"
"1184","31e5a7ee","1","4",2029,"MISMATCH","L2"
"1185","b03a0210","1","4",NA,"MISMATCH","L2"
"1186","848074de","1","4",780,"MISMATCH","L2"
"1187","428830bf","1","4",NA,"MISMATCH","L2"
"1188","d5268043","1","4",1195,"MISMATCH","L2"
"1189","947b36a8","1","4",NA,"MISMATCH","L2"
"1190","f38ed83e","1","4",NA,"MISMATCH","L2"
"1191","9c64d930","1","4",NA,"MISMATCH","L2"
"1192","eb02331f","1","4",NA,"MISMATCH","L2"
"1193","10848d7c","1","4",1480,"MISMATCH","L2"
"1194","cbd7a6c9","1","4",NA,"MISMATCH","L2"
"1195","2b9cdd4b","1","4",523,"MISMATCH","L2"
"1196","66ae62e9","1","4",1042,"MISMATCH","L2"
"1197","ad139538","1","4",NA,"MISMATCH","L2"
"1198","ced60332","1","4",516,"MISMATCH","L2"
"1199","001b6dbd","1","4",NA,"MISMATCH","L2"
"1200","c6d0416f","1","4",2141,"MISMATCH","L2"
"1201","7f602b96","0","5",NA,"MISMATCH","L2"
"1202","4c0ed8e8","0","5",NA,"MISMATCH","L2"
"1203","5f09194f","0","5",1066,"MISMATCH","L2"
"1204","cf96590e","0","5",NA,"MISMATCH","L2"
"1205","7e2ddfb9","0","5",NA,"MISMATCH","L2"
"1206","c736e9f8","0","5",NA,"MISMATCH","L2"
"1207","91388be0","0","5",1602,"MISMATCH","L2"
"1208","42761fd6","0","5",1044,"MISMATCH","L2"
"1209","00b3eb76","0","5",NA,"MISMATCH","L2"
"1210","4eeee54c","0","5",732,"MISMATCH","L2"
"1211","8fbb4282","0","5",2423,"MISMATCH","L2"
"1212","b5480d50","0","5",1437,"MISMATCH","L2"
"1213","eedbf0c3","0","5",411,"MISMATCH","L2"
"1214","66b7c5fa","0","5",NA,"MISMATCH","L2"
"1215","a29ce690","0","5",1502,"MISMATCH","L2"
"1216","c42d2738","0","5",NA,"MISMATCH","L2"
"1217","aa132e6a","0","5",NA,"MISMATCH","L2"
"1218","2151232b","0","5",NA,"MISMATCH","L2"
"1219","3260deba","0","5",NA,"MISMATCH","L2"
"1220","c542a4f8","0","5",1266,"MISMATCH","L2"
"1221","8508ee6c","0","5",2669,"MISMATCH","L2"
"1222","8f551579","0","5",NA,"MISMATCH","L2"
"1223","8a2c97d5","0","5",533,"MISMATCH","L2"
"1224","4d419e7a","0","5",2091,"MISMATCH","L2"
"1225","9fd8805f","0","5",644,"MISMATCH","L2"
"1226","0bd48e31","0","5",2924,"MISMATCH","L2"
"1227","ee4837b0","0","5",857,"MISMATCH","L2"
"1228","93b24402","0","5",1004,"MISMATCH","L2"
"1229","d3967b17","0","5",832,"MISMATCH","L2"
"1230","bfc95808","0","5",621,"MISMATCH","L2"
"1231","c6385cb7","0","5",NA,"MISMATCH","L2"
"1232","d9ffc7ed","0","5",787,"MISMATCH","L2"
"1233","50bfaf0e","0","5",NA,"MISMATCH","L2"
"1234","cc817718","0","5",NA,"MISMATCH","L2"
"1235","0aa00f25","0","5",NA,"MISMATCH","L2"
"1236","868df361","0","5",722,"MISMATCH","L2"
"1237","3f91cfa7","0","5",4162,"MISMATCH","L2"
"1238","7cda099a","0","5",NA,"MISMATCH","L2"
"1239","6bdf23ec","0","5",NA,"MISMATCH","L2"
"1240","8e1b5327","0","5",NA,"MISMATCH","L2"
"1241","c1b15df9","0","5",1258,"MISMATCH","L2"
"1242","1fc23b09","0","5",687,"MISMATCH","L2"
"1243","0888364f","0","5",471,"MISMATCH","L2"
"1244","5d5a0842","0","5",732,"MISMATCH","L2"
"1245","d7f4b666","0","5",NA,"MISMATCH","L2"
"1246","df99e021","0","5",1480,"MISMATCH","L2"
"1247","d9c7c5ff","0","5",2322,"MISMATCH","L2"
"1248","e034a323","1","5",1263,"MISMATCH","L2"
"1249","13bc3a3e","1","5",1308,"MISMATCH","L2"
"1250","833efcf2","1","5",NA,"MISMATCH","L2"
"1251","1ba8b63a","1","5",NA,"MISMATCH","L2"
"1252","5af29f72","1","5",NA,"MISMATCH","L2"
"1253","f36e76f9","1","5",1201,"MISMATCH","L2"
"1254","cfe9b984","1","5",NA,"MISMATCH","L2"
"1255","3b1c676f","1","5",813,"MISMATCH","L2"
"1256","c15f1815","1","5",NA,"MISMATCH","L2"
"1257","c7d554ea","1","5",NA,"MISMATCH","L2"
"1258","da0f3d33","1","5",644,"MISMATCH","L2"
"1259","337d4896","1","5",NA,"MISMATCH","L2"
"1260","8e107dc5","1","5",NA,"MISMATCH","L2"
"1261","4f7e6316","1","5",NA,"MISMATCH","L2"
"1262","016cb1a1","1","5",NA,"MISMATCH","L2"
"1263","e4e0da4a","1","5",NA,"MISMATCH","L2"
"1264","ea5febef","1","5",1897,"MISMATCH","L2"
"1265","e6c18c70","1","5",805,"MISMATCH","L2"
"1266","d66fa12b","1","5",NA,"MISMATCH","L2"
"1267","dbeeb7ea","1","5",1997,"MISMATCH","L2"
"1268","fb3bf7ba","1","5",2775,"MISMATCH","L2"
"1269","8fa7f98f","1","5",585,"MISMATCH","L2"
"1270","7a99a20a","1","5",NA,"MISMATCH","L2"
"1271","23c390c9","1","5",633,"MISMATCH","L2"
"1272","0d3bd7a0","1","5",2346,"MISMATCH","L2"
"1273","e026b148","1","5",1029,"MISMATCH","L2"
"1274","b2f7aa09","1","5",1598,"MISMATCH","L2"
"1275","59c1a5e7","1","5",425,"MISMATCH","L2"
"1276","c114f50f","1","5",NA,"MISMATCH","L2"
"1277","3deaf195","1","5",NA,"MISMATCH","L2"
"1278","514e5fd7","1","5",NA,"MISMATCH","L2"
"1279","ffbb64d5","1","5",NA,"MISMATCH","L2"
"1280","3387e93f","1","5",NA,"MISMATCH","L2"
"1281","7b3f5faa","1","5",NA,"MISMATCH","L2"
"1282","5f0bf551","1","5",617,"MISMATCH","L2"
"1283","32e65391","1","5",991,"MISMATCH","L2"
"1284","31e5a7ee","1","5",9698,"MISMATCH","L2"
"1285","b03a0210","1","5",NA,"MISMATCH","L2"
"1286","848074de","1","5",674,"MISMATCH","L2"
"1287","428830bf","1","5",NA,"MISMATCH","L2"
"1288","d5268043","1","5",NA,"MISMATCH","L2"
"1289","947b36a8","1","5",2486,"MISMATCH","L2"
"1290","f38ed83e","1","5",NA,"MISMATCH","L2"
"1291","9c64d930","1","5",962,"MISMATCH","L2"
"1292","eb02331f","1","5",NA,"MISMATCH","L2"
"1293","10848d7c","1","5",NA,"MISMATCH","L2"
"1294","cbd7a6c9","1","5",NA,"MISMATCH","L2"
"1295","2b9cdd4b","1","5",1146,"MISMATCH","L2"
"1296","66ae62e9","1","5",1404,"MISMATCH","L2"
"1297","ad139538","1","5",1267,"MISMATCH","L2"
"1298","ced60332","1","5",691,"MISMATCH","L2"
"1299","001b6dbd","1","5",NA,"MISMATCH","L2"
"1300","c6d0416f","1","5",2900,"MISMATCH","L2"
"1301","7f602b96","0","6",612,"MISMATCH","L2"
"1302","4c0ed8e8","0","6",NA,"MISMATCH","L2"
"1303","5f09194f","0","6",754,"MISMATCH","L2"
"1304","cf96590e","0","6",2158,"MISMATCH","L2"
"1305","7e2ddfb9","0","6",1059,"MISMATCH","L2"
"1306","c736e9f8","0","6",676,"MISMATCH","L2"
"1307","91388be0","0","6",NA,"MISMATCH","L2"
"1308","42761fd6","0","6",1291,"MISMATCH","L2"
"1309","00b3eb76","0","6",1534,"MISMATCH","L2"
"1310","4eeee54c","0","6",571,"MISMATCH","L2"
"1311","8fbb4282","0","6",742,"MISMATCH","L2"
"1312","b5480d50","0","6",2904,"MISMATCH","L2"
"1313","eedbf0c3","0","6",633,"MISMATCH","L2"
"1314","66b7c5fa","0","6",1003,"MISMATCH","L2"
"1315","a29ce690","0","6",1168,"MISMATCH","L2"
"1316","c42d2738","0","6",NA,"MISMATCH","L2"
"1317","aa132e6a","0","6",NA,"MISMATCH","L2"
"1318","2151232b","0","6",908,"MISMATCH","L2"
"1319","3260deba","0","6",NA,"MISMATCH","L2"
"1320","c542a4f8","0","6",1426,"MISMATCH","L2"
"1321","8508ee6c","0","6",2814,"MISMATCH","L2"
"1322","8f551579","0","6",2723,"MISMATCH","L2"
"1323","8a2c97d5","0","6",NA,"MISMATCH","L2"
"1324","4d419e7a","0","6",NA,"MISMATCH","L2"
"1325","9fd8805f","0","6",NA,"MISMATCH","L2"
"1326","0bd48e31","0","6",NA,"MISMATCH","L2"
"1327","ee4837b0","0","6",530,"MISMATCH","L2"
"1328","93b24402","0","6",714,"MISMATCH","L2"
"1329","d3967b17","0","6",862,"MISMATCH","L2"
"1330","bfc95808","0","6",552,"MISMATCH","L2"
"1331","c6385cb7","0","6",NA,"MISMATCH","L2"
"1332","d9ffc7ed","0","6",1090,"MISMATCH","L2"
"1333","50bfaf0e","0","6",NA,"MISMATCH","L2"
"1334","cc817718","0","6",NA,"MISMATCH","L2"
"1335","0aa00f25","0","6",NA,"MISMATCH","L2"
"1336","868df361","0","6",752,"MISMATCH","L2"
"1337","3f91cfa7","0","6",2774,"MISMATCH","L2"
"1338","7cda099a","0","6",1044,"MISMATCH","L2"
"1339","6bdf23ec","0","6",597,"MISMATCH","L2"
"1340","8e1b5327","0","6",NA,"MISMATCH","L2"
"1341","c1b15df9","0","6",711,"MISMATCH","L2"
"1342","1fc23b09","0","6",1434,"MISMATCH","L2"
"1343","0888364f","0","6",770,"MISMATCH","L2"
"1344","5d5a0842","0","6",NA,"MISMATCH","L2"
"1345","d7f4b666","0","6",NA,"MISMATCH","L2"
"1346","df99e021","0","6",594,"MISMATCH","L2"
"1347","d9c7c5ff","0","6",1367,"MISMATCH","L2"
"1348","e034a323","1","6",2139,"MISMATCH","L2"
"1349","13bc3a3e","1","6",NA,"MISMATCH","L2"
"1350","833efcf2","1","6",NA,"MISMATCH","L2"
"1351","1ba8b63a","1","6",NA,"MISMATCH","L2"
"1352","5af29f72","1","6",1891,"MISMATCH","L2"
"1353","f36e76f9","1","6",1150,"MISMATCH","L2"
"1354","cfe9b984","1","6",NA,"MISMATCH","L2"
"1355","3b1c676f","1","6",NA,"MISMATCH","L2"
"1356","c15f1815","1","6",NA,"MISMATCH","L2"
"1357","c7d554ea","1","6",NA,"MISMATCH","L2"
"1358","da0f3d33","1","6",875,"MISMATCH","L2"
"1359","337d4896","1","6",NA,"MISMATCH","L2"
"1360","8e107dc5","1","6",893,"MISMATCH","L2"
"1361","4f7e6316","1","6",1637,"MISMATCH","L2"
"1362","016cb1a1","1","6",NA,"MISMATCH","L2"
"1363","e4e0da4a","1","6",1241,"MISMATCH","L2"
"1364","ea5febef","1","6",809,"MISMATCH","L2"
"1365","e6c18c70","1","6",572,"MISMATCH","L2"
"1366","d66fa12b","1","6",646,"MISMATCH","L2"
"1367","dbeeb7ea","1","6",NA,"MISMATCH","L2"
"1368","fb3bf7ba","1","6",NA,"MISMATCH","L2"
"1369","8fa7f98f","1","6",NA,"MISMATCH","L2"
"1370","7a99a20a","1","6",1083,"MISMATCH","L2"
"1371","23c390c9","1","6",NA,"MISMATCH","L2"
"1372","0d3bd7a0","1","6",NA,"MISMATCH","L2"
"1373","e026b148","1","6",NA,"MISMATCH","L2"
"1374","b2f7aa09","1","6",1385,"MISMATCH","L2"
"1375","59c1a5e7","1","6",503,"MISMATCH","L2"
"1376","c114f50f","1","6",NA,"MISMATCH","L2"
"1377","3deaf195","1","6",NA,"MISMATCH","L2"
"1378","514e5fd7","1","6",NA,"MISMATCH","L2"
"1379","ffbb64d5","1","6",NA,"MISMATCH","L2"
"1380","3387e93f","1","6",NA,"MISMATCH","L2"
"1381","7b3f5faa","1","6",NA,"MISMATCH","L2"
"1382","5f0bf551","1","6",NA,"MISMATCH","L2"
"1383","32e65391","1","6",573,"MISMATCH","L2"
"1384","31e5a7ee","1","6",2985,"MISMATCH","L2"
"1385","b03a0210","1","6",NA,"MISMATCH","L2"
"1386","848074de","1","6",822,"MISMATCH","L2"
"1387","428830bf","1","6",1370,"MISMATCH","L2"
"1388","d5268043","1","6",957,"MISMATCH","L2"
"1389","947b36a8","1","6",NA,"MISMATCH","L2"
"1390","f38ed83e","1","6",2716,"MISMATCH","L2"
"1391","9c64d930","1","6",2236,"MISMATCH","L2"
"1392","eb02331f","1","6",NA,"MISMATCH","L2"
"1393","10848d7c","1","6",NA,"MISMATCH","L2"
"1394","cbd7a6c9","1","6",NA,"MISMATCH","L2"
"1395","2b9cdd4b","1","6",703,"MISMATCH","L2"
"1396","66ae62e9","1","6",NA,"MISMATCH","L2"
"1397","ad139538","1","6",838,"MISMATCH","L2"
"1398","ced60332","1","6",462,"MISMATCH","L2"
"1399","001b6dbd","1","6",2523,"MISMATCH","L2"
"1400","c6d0416f","1","6",2320,"MISMATCH","L2"
"1401","7f602b96","0","7",751,"MISMATCH","L2"
"1402","4c0ed8e8","0","7",2533,"MISMATCH","L2"
"1403","5f09194f","0","7",1335,"MISMATCH","L2"
"1404","cf96590e","0","7",832,"MISMATCH","L2"
"1405","7e2ddfb9","0","7",1796,"MISMATCH","L2"
"1406","c736e9f8","0","7",1463,"MISMATCH","L2"
"1407","91388be0","0","7",1186,"MISMATCH","L2"
"1408","42761fd6","0","7",1261,"MISMATCH","L2"
"1409","00b3eb76","0","7",NA,"MISMATCH","L2"
"1410","4eeee54c","0","7",NA,"MISMATCH","L2"
"1411","8fbb4282","0","7",NA,"MISMATCH","L2"
"1412","b5480d50","0","7",1648,"MISMATCH","L2"
"1413","eedbf0c3","0","7",1217,"MISMATCH","L2"
"1414","66b7c5fa","0","7",NA,"MISMATCH","L2"
"1415","a29ce690","0","7",2269,"MISMATCH","L2"
"1416","c42d2738","0","7",NA,"MISMATCH","L2"
"1417","aa132e6a","0","7",NA,"MISMATCH","L2"
"1418","2151232b","0","7",NA,"MISMATCH","L2"
"1419","3260deba","0","7",NA,"MISMATCH","L2"
"1420","c542a4f8","0","7",707,"MISMATCH","L2"
"1421","8508ee6c","0","7",NA,"MISMATCH","L2"
"1422","8f551579","0","7",NA,"MISMATCH","L2"
"1423","8a2c97d5","0","7",759,"MISMATCH","L2"
"1424","4d419e7a","0","7",1062,"MISMATCH","L2"
"1425","9fd8805f","0","7",NA,"MISMATCH","L2"
"1426","0bd48e31","0","7",NA,"MISMATCH","L2"
"1427","ee4837b0","0","7",404,"MISMATCH","L2"
"1428","93b24402","0","7",744,"MISMATCH","L2"
"1429","d3967b17","0","7",1501,"MISMATCH","L2"
"1430","bfc95808","0","7",NA,"MISMATCH","L2"
"1431","c6385cb7","0","7",NA,"MISMATCH","L2"
"1432","d9ffc7ed","0","7",753,"MISMATCH","L2"
"1433","50bfaf0e","0","7",NA,"MISMATCH","L2"
"1434","cc817718","0","7",NA,"MISMATCH","L2"
"1435","0aa00f25","0","7",1921,"MISMATCH","L2"
"1436","868df361","0","7",2780,"MISMATCH","L2"
"1437","3f91cfa7","0","7",NA,"MISMATCH","L2"
"1438","7cda099a","0","7",1117,"MISMATCH","L2"
"1439","6bdf23ec","0","7",942,"MISMATCH","L2"
"1440","8e1b5327","0","7",NA,"MISMATCH","L2"
"1441","c1b15df9","0","7",840,"MISMATCH","L2"
"1442","1fc23b09","0","7",NA,"MISMATCH","L2"
"1443","0888364f","0","7",706,"MISMATCH","L2"
"1444","5d5a0842","0","7",524,"MISMATCH","L2"
"1445","d7f4b666","0","7",NA,"MISMATCH","L2"
"1446","df99e021","0","7",1077,"MISMATCH","L2"
"1447","d9c7c5ff","0","7",1227,"MISMATCH","L2"
"1448","e034a323","1","7",NA,"MISMATCH","L2"
"1449","13bc3a3e","1","7",NA,"MISMATCH","L2"
"1450","833efcf2","1","7",NA,"MISMATCH","L2"
"1451","1ba8b63a","1","7",NA,"MISMATCH","L2"
"1452","5af29f72","1","7",1096,"MISMATCH","L2"
"1453","f36e76f9","1","7",945,"MISMATCH","L2"
"1454","cfe9b984","1","7",NA,"MISMATCH","L2"
"1455","3b1c676f","1","7",NA,"MISMATCH","L2"
"1456","c15f1815","1","7",NA,"MISMATCH","L2"
"1457","c7d554ea","1","7",NA,"MISMATCH","L2"
"1458","da0f3d33","1","7",791,"MISMATCH","L2"
"1459","337d4896","1","7",NA,"MISMATCH","L2"
"1460","8e107dc5","1","7",1172,"MISMATCH","L2"
"1461","4f7e6316","1","7",NA,"MISMATCH","L2"
"1462","016cb1a1","1","7",NA,"MISMATCH","L2"
"1463","e4e0da4a","1","7",2872,"MISMATCH","L2"
"1464","ea5febef","1","7",548,"MISMATCH","L2"
"1465","e6c18c70","1","7",1486,"MISMATCH","L2"
"1466","d66fa12b","1","7",NA,"MISMATCH","L2"
"1467","dbeeb7ea","1","7",1794,"MISMATCH","L2"
"1468","fb3bf7ba","1","7",NA,"MISMATCH","L2"
"1469","8fa7f98f","1","7",NA,"MISMATCH","L2"
"1470","7a99a20a","1","7",1621,"MISMATCH","L2"
"1471","23c390c9","1","7",NA,"MISMATCH","L2"
"1472","0d3bd7a0","1","7",2485,"MISMATCH","L2"
"1473","e026b148","1","7",NA,"MISMATCH","L2"
"1474","b2f7aa09","1","7",NA,"MISMATCH","L2"
"1475","59c1a5e7","1","7",781,"MISMATCH","L2"
"1476","c114f50f","1","7",NA,"MISMATCH","L2"
"1477","3deaf195","1","7",NA,"MISMATCH","L2"
"1478","514e5fd7","1","7",NA,"MISMATCH","L2"
"1479","ffbb64d5","1","7",NA,"MISMATCH","L2"
"1480","3387e93f","1","7",NA,"MISMATCH","L2"
"1481","7b3f5faa","1","7",NA,"MISMATCH","L2"
"1482","5f0bf551","1","7",NA,"MISMATCH","L2"
"1483","32e65391","1","7",NA,"MISMATCH","L2"
"1484","31e5a7ee","1","7",NA,"MISMATCH","L2"
"1485","b03a0210","1","7",NA,"MISMATCH","L2"
"1486","848074de","1","7",444,"MISMATCH","L2"
"1487","428830bf","1","7",1387,"MISMATCH","L2"
"1488","d5268043","1","7",664,"MISMATCH","L2"
"1489","947b36a8","1","7",2431,"MISMATCH","L2"
"1490","f38ed83e","1","7",2881,"MISMATCH","L2"
"1491","9c64d930","1","7",NA,"MISMATCH","L2"
"1492","eb02331f","1","7",1204,"MISMATCH","L2"
"1493","10848d7c","1","7",NA,"MISMATCH","L2"
"1494","cbd7a6c9","1","7",NA,"MISMATCH","L2"
"1495","2b9cdd4b","1","7",NA,"MISMATCH","L2"
"1496","66ae62e9","1","7",NA,"MISMATCH","L2"
"1497","ad139538","1","7",502,"MISMATCH","L2"
"1498","ced60332","1","7",742,"MISMATCH","L2"
"1499","001b6dbd","1","7",2620,"MISMATCH","L2"
"1500","c6d0416f","1","7",NA,"MISMATCH","L2"
"1501","7f602b96","0","8",1959,"MISMATCH","L2"
"1502","4c0ed8e8","0","8",1855,"MISMATCH","L2"
"1503","5f09194f","0","8",723,"MISMATCH","L2"
"1504","cf96590e","0","8",1625,"MISMATCH","L2"
"1505","7e2ddfb9","0","8",1956,"MISMATCH","L2"
"1506","c736e9f8","0","8",NA,"MISMATCH","L2"
"1507","91388be0","0","8",NA,"MISMATCH","L2"
"1508","42761fd6","0","8",819,"MISMATCH","L2"
"1509","00b3eb76","0","8",NA,"MISMATCH","L2"
"1510","4eeee54c","0","8",NA,"MISMATCH","L2"
"1511","8fbb4282","0","8",NA,"MISMATCH","L2"
"1512","b5480d50","0","8",625,"MISMATCH","L2"
"1513","eedbf0c3","0","8",NA,"MISMATCH","L2"
"1514","66b7c5fa","0","8",NA,"MISMATCH","L2"
"1515","a29ce690","0","8",1412,"MISMATCH","L2"
"1516","c42d2738","0","8",NA,"MISMATCH","L2"
"1517","aa132e6a","0","8",NA,"MISMATCH","L2"
"1518","2151232b","0","8",NA,"MISMATCH","L2"
"1519","3260deba","0","8",NA,"MISMATCH","L2"
"1520","c542a4f8","0","8",968,"MISMATCH","L2"
"1521","8508ee6c","0","8",2130,"MISMATCH","L2"
"1522","8f551579","0","8",NA,"MISMATCH","L2"
"1523","8a2c97d5","0","8",NA,"MISMATCH","L2"
"1524","4d419e7a","0","8",1633,"MISMATCH","L2"
"1525","9fd8805f","0","8",NA,"MISMATCH","L2"
"1526","0bd48e31","0","8",NA,"MISMATCH","L2"
"1527","ee4837b0","0","8",581,"MISMATCH","L2"
"1528","93b24402","0","8",601,"MISMATCH","L2"
"1529","d3967b17","0","8",NA,"MISMATCH","L2"
"1530","bfc95808","0","8",NA,"MISMATCH","L2"
"1531","c6385cb7","0","8",NA,"MISMATCH","L2"
"1532","d9ffc7ed","0","8",467,"MISMATCH","L2"
"1533","50bfaf0e","0","8",NA,"MISMATCH","L2"
"1534","cc817718","0","8",1138,"MISMATCH","L2"
"1535","0aa00f25","0","8",702,"MISMATCH","L2"
"1536","868df361","0","8",NA,"MISMATCH","L2"
"1537","3f91cfa7","0","8",NA,"MISMATCH","L2"
"1538","7cda099a","0","8",1478,"MISMATCH","L2"
"1539","6bdf23ec","0","8",697,"MISMATCH","L2"
"1540","8e1b5327","0","8",NA,"MISMATCH","L2"
"1541","c1b15df9","0","8",561,"MISMATCH","L2"
"1542","1fc23b09","0","8",617,"MISMATCH","L2"
"1543","0888364f","0","8",579,"MISMATCH","L2"
"1544","5d5a0842","0","8",369,"MISMATCH","L2"
"1545","d7f4b666","0","8",NA,"MISMATCH","L2"
"1546","df99e021","0","8",2032,"MISMATCH","L2"
"1547","d9c7c5ff","0","8",1048,"MISMATCH","L2"
"1548","e034a323","1","8",2126,"MISMATCH","L2"
"1549","13bc3a3e","1","8",613,"MISMATCH","L2"
"1550","833efcf2","1","8",NA,"MISMATCH","L2"
"1551","1ba8b63a","1","8",NA,"MISMATCH","L2"
"1552","5af29f72","1","8",NA,"MISMATCH","L2"
"1553","f36e76f9","1","8",583,"MISMATCH","L2"
"1554","cfe9b984","1","8",NA,"MISMATCH","L2"
"1555","3b1c676f","1","8",1127,"MISMATCH","L2"
"1556","c15f1815","1","8",1852,"MISMATCH","L2"
"1557","c7d554ea","1","8",NA,"MISMATCH","L2"
"1558","da0f3d33","1","8",NA,"MISMATCH","L2"
"1559","337d4896","1","8",NA,"MISMATCH","L2"
"1560","8e107dc5","1","8",NA,"MISMATCH","L2"
"1561","4f7e6316","1","8",NA,"MISMATCH","L2"
"1562","016cb1a1","1","8",NA,"MISMATCH","L2"
"1563","e4e0da4a","1","8",1263,"MISMATCH","L2"
"1564","ea5febef","1","8",1424,"MISMATCH","L2"
"1565","e6c18c70","1","8",553,"MISMATCH","L2"
"1566","d66fa12b","1","8",1216,"MISMATCH","L2"
"1567","dbeeb7ea","1","8",2019,"MISMATCH","L2"
"1568","fb3bf7ba","1","8",NA,"MISMATCH","L2"
"1569","8fa7f98f","1","8",NA,"MISMATCH","L2"
"1570","7a99a20a","1","8",NA,"MISMATCH","L2"
"1571","23c390c9","1","8",822,"MISMATCH","L2"
"1572","0d3bd7a0","1","8",NA,"MISMATCH","L2"
"1573","e026b148","1","8",587,"MISMATCH","L2"
"1574","b2f7aa09","1","8",660,"MISMATCH","L2"
"1575","59c1a5e7","1","8",567,"MISMATCH","L2"
"1576","c114f50f","1","8",1493,"MISMATCH","L2"
"1577","3deaf195","1","8",NA,"MISMATCH","L2"
"1578","514e5fd7","1","8",NA,"MISMATCH","L2"
"1579","ffbb64d5","1","8",NA,"MISMATCH","L2"
"1580","3387e93f","1","8",1667,"MISMATCH","L2"
"1581","7b3f5faa","1","8",NA,"MISMATCH","L2"
"1582","5f0bf551","1","8",810,"MISMATCH","L2"
"1583","32e65391","1","8",805,"MISMATCH","L2"
"1584","31e5a7ee","1","8",2171,"MISMATCH","L2"
"1585","b03a0210","1","8",NA,"MISMATCH","L2"
"1586","848074de","1","8",602,"MISMATCH","L2"
"1587","428830bf","1","8",1466,"MISMATCH","L2"
"1588","d5268043","1","8",NA,"MISMATCH","L2"
"1589","947b36a8","1","8",1163,"MISMATCH","L2"
"1590","f38ed83e","1","8",NA,"MISMATCH","L2"
"1591","9c64d930","1","8",2771,"MISMATCH","L2"
"1592","eb02331f","1","8",NA,"MISMATCH","L2"
"1593","10848d7c","1","8",NA,"MISMATCH","L2"
"1594","cbd7a6c9","1","8",NA,"MISMATCH","L2"
"1595","2b9cdd4b","1","8",534,"MISMATCH","L2"
"1596","66ae62e9","1","8",NA,"MISMATCH","L2"
"1597","ad139538","1","8",582,"MISMATCH","L2"
"1598","ced60332","1","8",575,"MISMATCH","L2"
"1599","001b6dbd","1","8",2436,"MISMATCH","L2"
"1600","c6d0416f","1","8",2524,"MISMATCH","L2"
"1601","9a49fdda","0","1",855,"MATCH","L1"
"1602","8a465e3d","0","1",854,"MATCH","L1"
"1603","3c19b430","0","1",604,"MATCH","L1"
"1604","8ab3de69","0","1",1079,"MATCH","L1"
"1605","7900f471","0","1",464,"MATCH","L1"
"1606","b5649ac6","0","1",776,"MATCH","L1"
"1607","d8aad673","0","1",477,"MATCH","L1"
"1608","90eaea80","0","1",972,"MATCH","L1"
"1609","199fe03c","0","1",999,"MATCH","L1"
"1610","f72efd8c","0","1",987,"MATCH","L1"
"1611","764154b9","0","1",562,"MATCH","L1"
"1612","eae4dce5","0","1",NA,"MATCH","L1"
"1613","331d337a","0","1",962,"MATCH","L1"
"1614","56c12ea5","0","1",1483,"MATCH","L1"
"1615","abb93423","0","1",846,"MATCH","L1"
"1616","d6bbd0d0","0","1",699,"MATCH","L1"
"1617","ff802103","0","1",582,"MATCH","L1"
"1618","948b227f","0","1",1009,"MATCH","L1"
"1619","4daf5f61","1","1",678,"MATCH","L1"
"1620","5f8ece57","1","1",1215,"MATCH","L1"
"1621","a7fed8eb","1","1",732,"MATCH","L1"
"1622","dfb90a67","1","1",409,"MATCH","L1"
"1623","57596968","1","1",591,"MATCH","L1"
"1624","3767994f","1","1",NA,"MATCH","L1"
"1625","24b2efbf","1","1",677,"MATCH","L1"
"1626","a0941f2b","1","1",876,"MATCH","L1"
"1627","b8c939a8","1","1",1244,"MATCH","L1"
"1628","7000f547","1","1",1093,"MATCH","L1"
"1629","abffdb96","1","1",NA,"MATCH","L1"
"1630","787873c2","1","1",970,"MATCH","L1"
"1631","98694825","1","1",1468,"MATCH","L1"
"1632","699368b2","1","1",792,"MATCH","L1"
"1633","1554bd63","1","1",886,"MATCH","L1"
"1634","735b6f32","1","1",635,"MATCH","L1"
"1635","9a49fdda","0","2",817,"MATCH","L1"
"1636","8a465e3d","0","2",NA,"MATCH","L1"
"1637","3c19b430","0","2",910,"MATCH","L1"
"1638","8ab3de69","0","2",1503,"MATCH","L1"
"1639","7900f471","0","2",560,"MATCH","L1"
"1640","b5649ac6","0","2",NA,"MATCH","L1"
"1641","d8aad673","0","2",NA,"MATCH","L1"
"1642","90eaea80","0","2",1359,"MATCH","L1"
"1643","199fe03c","0","2",682,"MATCH","L1"
"1644","f72efd8c","0","2",1904,"MATCH","L1"
"1645","764154b9","0","2",658,"MATCH","L1"
"1646","eae4dce5","0","2",579,"MATCH","L1"
"1647","331d337a","0","2",655,"MATCH","L1"
"1648","56c12ea5","0","2",2017,"MATCH","L1"
"1649","abb93423","0","2",810,"MATCH","L1"
"1650","d6bbd0d0","0","2",847,"MATCH","L1"
"1651","ff802103","0","2",621,"MATCH","L1"
"1652","948b227f","0","2",980,"MATCH","L1"
"1653","4daf5f61","1","2",534,"MATCH","L1"
"1654","5f8ece57","1","2",1457,"MATCH","L1"
"1655","a7fed8eb","1","2",782,"MATCH","L1"
"1656","dfb90a67","1","2",695,"MATCH","L1"
"1657","57596968","1","2",583,"MATCH","L1"
"1658","3767994f","1","2",803,"MATCH","L1"
"1659","24b2efbf","1","2",560,"MATCH","L1"
"1660","a0941f2b","1","2",NA,"MATCH","L1"
"1661","b8c939a8","1","2",786,"MATCH","L1"
"1662","7000f547","1","2",1240,"MATCH","L1"
"1663","abffdb96","1","2",2600,"MATCH","L1"
"1664","787873c2","1","2",860,"MATCH","L1"
"1665","98694825","1","2",1904,"MATCH","L1"
"1666","699368b2","1","2",845,"MATCH","L1"
"1667","1554bd63","1","2",1013,"MATCH","L1"
"1668","735b6f32","1","2",764,"MATCH","L1"
"1669","9a49fdda","0","3",631,"MATCH","L1"
"1670","8a465e3d","0","3",932,"MATCH","L1"
"1671","3c19b430","0","3",782,"MATCH","L1"
"1672","8ab3de69","0","3",1058,"MATCH","L1"
"1673","7900f471","0","3",539,"MATCH","L1"
"1674","b5649ac6","0","3",673,"MATCH","L1"
"1675","d8aad673","0","3",640,"MATCH","L1"
"1676","90eaea80","0","3",910,"MATCH","L1"
"1677","199fe03c","0","3",NA,"MATCH","L1"
"1678","f72efd8c","0","3",2544,"MATCH","L1"
"1679","764154b9","0","3",704,"MATCH","L1"
"1680","eae4dce5","0","3",NA,"MATCH","L1"
"1681","331d337a","0","3",420,"MATCH","L1"
"1682","56c12ea5","0","3",1264,"MATCH","L1"
"1683","abb93423","0","3",864,"MATCH","L1"
"1684","d6bbd0d0","0","3",703,"MATCH","L1"
"1685","ff802103","0","3",946,"MATCH","L1"
"1686","948b227f","0","3",NA,"MATCH","L1"
"1687","4daf5f61","1","3",690,"MATCH","L1"
"1688","5f8ece57","1","3",1297,"MATCH","L1"
"1689","a7fed8eb","1","3",661,"MATCH","L1"
"1690","dfb90a67","1","3",688,"MATCH","L1"
"1691","57596968","1","3",1169,"MATCH","L1"
"1692","3767994f","1","3",779,"MATCH","L1"
"1693","24b2efbf","1","3",816,"MATCH","L1"
"1694","a0941f2b","1","3",1141,"MATCH","L1"
"1695","b8c939a8","1","3",621,"MATCH","L1"
"1696","7000f547","1","3",730,"MATCH","L1"
"1697","abffdb96","1","3",1861,"MATCH","L1"
"1698","787873c2","1","3",887,"MATCH","L1"
"1699","98694825","1","3",1846,"MATCH","L1"
"1700","699368b2","1","3",1223,"MATCH","L1"
"1701","1554bd63","1","3",726,"MATCH","L1"
"1702","735b6f32","1","3",887,"MATCH","L1"
"1703","9a49fdda","0","4",330,"MATCH","L1"
"1704","8a465e3d","0","4",635,"MATCH","L1"
"1705","3c19b430","0","4",605,"MATCH","L1"
"1706","8ab3de69","0","4",556,"MATCH","L1"
"1707","7900f471","0","4",613,"MATCH","L1"
"1708","b5649ac6","0","4",499,"MATCH","L1"
"1709","d8aad673","0","4",852,"MATCH","L1"
"1710","90eaea80","0","4",593,"MATCH","L1"
"1711","199fe03c","0","4",1024,"MATCH","L1"
"1712","f72efd8c","0","4",763,"MATCH","L1"
"1713","764154b9","0","4",427,"MATCH","L1"
"1714","eae4dce5","0","4",547,"MATCH","L1"
"1715","331d337a","0","4",1401,"MATCH","L1"
"1716","56c12ea5","0","4",705,"MATCH","L1"
"1717","abb93423","0","4",561,"MATCH","L1"
"1718","d6bbd0d0","0","4",825,"MATCH","L1"
"1719","ff802103","0","4",742,"MATCH","L1"
"1720","948b227f","0","4",508,"MATCH","L1"
"1721","4daf5f61","1","4",636,"MATCH","L1"
"1722","5f8ece57","1","4",2111,"MATCH","L1"
"1723","a7fed8eb","1","4",826,"MATCH","L1"
"1724","dfb90a67","1","4",562,"MATCH","L1"
"1725","57596968","1","4",1051,"MATCH","L1"
"1726","3767994f","1","4",NA,"MATCH","L1"
"1727","24b2efbf","1","4",NA,"MATCH","L1"
"1728","a0941f2b","1","4",1008,"MATCH","L1"
"1729","b8c939a8","1","4",NA,"MATCH","L1"
"1730","7000f547","1","4",2040,"MATCH","L1"
"1731","abffdb96","1","4",NA,"MATCH","L1"
"1732","787873c2","1","4",1075,"MATCH","L1"
"1733","98694825","1","4",NA,"MATCH","L1"
"1734","699368b2","1","4",1276,"MATCH","L1"
"1735","1554bd63","1","4",706,"MATCH","L1"
"1736","735b6f32","1","4",NA,"MATCH","L1"
"1737","9a49fdda","0","5",419,"MATCH","L1"
"1738","8a465e3d","0","5",1050,"MATCH","L1"
"1739","3c19b430","0","5",918,"MATCH","L1"
"1740","8ab3de69","0","5",1524,"MATCH","L1"
"1741","7900f471","0","5",463,"MATCH","L1"
"1742","b5649ac6","0","5",474,"MATCH","L1"
"1743","d8aad673","0","5",545,"MATCH","L1"
"1744","90eaea80","0","5",581,"MATCH","L1"
"1745","199fe03c","0","5",501,"MATCH","L1"
"1746","f72efd8c","0","5",724,"MATCH","L1"
"1747","764154b9","0","5",568,"MATCH","L1"
"1748","eae4dce5","0","5",350,"MATCH","L1"
"1749","331d337a","0","5",1011,"MATCH","L1"
"1750","56c12ea5","0","5",2071,"MATCH","L1"
"1751","abb93423","0","5",585,"MATCH","L1"
"1752","d6bbd0d0","0","5",617,"MATCH","L1"
"1753","ff802103","0","5",431,"MATCH","L1"
"1754","948b227f","0","5",1452,"MATCH","L1"
"1755","4daf5f61","1","5",802,"MATCH","L1"
"1756","5f8ece57","1","5",786,"MATCH","L1"
"1757","a7fed8eb","1","5",561,"MATCH","L1"
"1758","dfb90a67","1","5",611,"MATCH","L1"
"1759","57596968","1","5",647,"MATCH","L1"
"1760","3767994f","1","5",427,"MATCH","L1"
"1761","24b2efbf","1","5",NA,"MATCH","L1"
"1762","a0941f2b","1","5",587,"MATCH","L1"
"1763","b8c939a8","1","5",463,"MATCH","L1"
"1764","7000f547","1","5",1626,"MATCH","L1"
"1765","abffdb96","1","5",1413,"MATCH","L1"
"1766","787873c2","1","5",512,"MATCH","L1"
"1767","98694825","1","5",2029,"MATCH","L1"
"1768","699368b2","1","5",507,"MATCH","L1"
"1769","1554bd63","1","5",450,"MATCH","L1"
"1770","735b6f32","1","5",1079,"MATCH","L1"
"1771","9a49fdda","0","6",665,"MATCH","L1"
"1772","8a465e3d","0","6",975,"MATCH","L1"
"1773","3c19b430","0","6",996,"MATCH","L1"
"1774","8ab3de69","0","6",NA,"MATCH","L1"
"1775","7900f471","0","6",NA,"MATCH","L1"
"1776","b5649ac6","0","6",489,"MATCH","L1"
"1777","d8aad673","0","6",537,"MATCH","L1"
"1778","90eaea80","0","6",1052,"MATCH","L1"
"1779","199fe03c","0","6",528,"MATCH","L1"
"1780","f72efd8c","0","6",1624,"MATCH","L1"
"1781","764154b9","0","6",704,"MATCH","L1"
"1782","eae4dce5","0","6",486,"MATCH","L1"
"1783","331d337a","0","6",674,"MATCH","L1"
"1784","56c12ea5","0","6",1092,"MATCH","L1"
"1785","abb93423","0","6",530,"MATCH","L1"
"1786","d6bbd0d0","0","6",NA,"MATCH","L1"
"1787","ff802103","0","6",769,"MATCH","L1"
"1788","948b227f","0","6",712,"MATCH","L1"
"1789","4daf5f61","1","6",NA,"MATCH","L1"
"1790","5f8ece57","1","6",696,"MATCH","L1"
"1791","a7fed8eb","1","6",793,"MATCH","L1"
"1792","dfb90a67","1","6",424,"MATCH","L1"
"1793","57596968","1","6",517,"MATCH","L1"
"1794","3767994f","1","6",675,"MATCH","L1"
"1795","24b2efbf","1","6",NA,"MATCH","L1"
"1796","a0941f2b","1","6",643,"MATCH","L1"
"1797","b8c939a8","1","6",507,"MATCH","L1"
"1798","7000f547","1","6",1051,"MATCH","L1"
"1799","abffdb96","1","6",NA,"MATCH","L1"
"1800","787873c2","1","6",488,"MATCH","L1"
"1801","98694825","1","6",1269,"MATCH","L1"
"1802","699368b2","1","6",566,"MATCH","L1"
"1803","1554bd63","1","6",674,"MATCH","L1"
"1804","735b6f32","1","6",1034,"MATCH","L1"
"1805","9a49fdda","0","7",618,"MATCH","L1"
"1806","8a465e3d","0","7",937,"MATCH","L1"
"1807","3c19b430","0","7",356,"MATCH","L1"
"1808","8ab3de69","0","7",1427,"MATCH","L1"
"1809","7900f471","0","7",538,"MATCH","L1"
"1810","b5649ac6","0","7",468,"MATCH","L1"
"1811","d8aad673","0","7",410,"MATCH","L1"
"1812","90eaea80","0","7",624,"MATCH","L1"
"1813","199fe03c","0","7",590,"MATCH","L1"
"1814","f72efd8c","0","7",599,"MATCH","L1"
"1815","764154b9","0","7",813,"MATCH","L1"
"1816","eae4dce5","0","7",405,"MATCH","L1"
"1817","331d337a","0","7",664,"MATCH","L1"
"1818","56c12ea5","0","7",1119,"MATCH","L1"
"1819","abb93423","0","7",996,"MATCH","L1"
"1820","d6bbd0d0","0","7",803,"MATCH","L1"
"1821","ff802103","0","7",474,"MATCH","L1"
"1822","948b227f","0","7",612,"MATCH","L1"
"1823","4daf5f61","1","7",520,"MATCH","L1"
"1824","5f8ece57","1","7",625,"MATCH","L1"
"1825","a7fed8eb","1","7",377,"MATCH","L1"
"1826","dfb90a67","1","7",NA,"MATCH","L1"
"1827","57596968","1","7",568,"MATCH","L1"
"1828","3767994f","1","7",525,"MATCH","L1"
"1829","24b2efbf","1","7",483,"MATCH","L1"
"1830","a0941f2b","1","7",1024,"MATCH","L1"
"1831","b8c939a8","1","7",358,"MATCH","L1"
"1832","7000f547","1","7",415,"MATCH","L1"
"1833","abffdb96","1","7",1758,"MATCH","L1"
"1834","787873c2","1","7",395,"MATCH","L1"
"1835","98694825","1","7",1721,"MATCH","L1"
"1836","699368b2","1","7",969,"MATCH","L1"
"1837","1554bd63","1","7",436,"MATCH","L1"
"1838","735b6f32","1","7",901,"MATCH","L1"
"1839","9a49fdda","0","8",472,"MATCH","L1"
"1840","8a465e3d","0","8",498,"MATCH","L1"
"1841","3c19b430","0","8",548,"MATCH","L1"
"1842","8ab3de69","0","8",593,"MATCH","L1"
"1843","7900f471","0","8",481,"MATCH","L1"
"1844","b5649ac6","0","8",548,"MATCH","L1"
"1845","d8aad673","0","8",763,"MATCH","L1"
"1846","90eaea80","0","8",458,"MATCH","L1"
"1847","199fe03c","0","8",430,"MATCH","L1"
"1848","f72efd8c","0","8",801,"MATCH","L1"
"1849","764154b9","0","8",NA,"MATCH","L1"
"1850","eae4dce5","0","8",402,"MATCH","L1"
"1851","331d337a","0","8",544,"MATCH","L1"
"1852","56c12ea5","0","8",1566,"MATCH","L1"
"1853","abb93423","0","8",924,"MATCH","L1"
"1854","d6bbd0d0","0","8",673,"MATCH","L1"
"1855","ff802103","0","8",994,"MATCH","L1"
"1856","948b227f","0","8",649,"MATCH","L1"
"1857","4daf5f61","1","8",845,"MATCH","L1"
"1858","5f8ece57","1","8",670,"MATCH","L1"
"1859","a7fed8eb","1","8",597,"MATCH","L1"
"1860","dfb90a67","1","8",442,"MATCH","L1"
"1861","57596968","1","8",611,"MATCH","L1"
"1862","3767994f","1","8",646,"MATCH","L1"
"1863","24b2efbf","1","8",NA,"MATCH","L1"
"1864","a0941f2b","1","8",546,"MATCH","L1"
"1865","b8c939a8","1","8",405,"MATCH","L1"
"1866","7000f547","1","8",715,"MATCH","L1"
"1867","abffdb96","1","8",NA,"MATCH","L1"
"1868","787873c2","1","8",760,"MATCH","L1"
"1869","98694825","1","8",1053,"MATCH","L1"
"1870","699368b2","1","8",444,"MATCH","L1"
"1871","1554bd63","1","8",518,"MATCH","L1"
"1872","735b6f32","1","8",1093,"MATCH","L1"
"1873","9a49fdda","0","1",906,"MISMATCH","L1"
"1874","8a465e3d","0","1",1205,"MISMATCH","L1"
"1875","3c19b430","0","1",922,"MISMATCH","L1"
"1876","8ab3de69","0","1",1128,"MISMATCH","L1"
"1877","7900f471","0","1",659,"MISMATCH","L1"
"1878","b5649ac6","0","1",967,"MISMATCH","L1"
"1879","d8aad673","0","1",1032,"MISMATCH","L1"
"1880","90eaea80","0","1",1075,"MISMATCH","L1"
"1881","199fe03c","0","1",1770,"MISMATCH","L1"
"1882","f72efd8c","0","1",1651,"MISMATCH","L1"
"1883","764154b9","0","1",702,"MISMATCH","L1"
"1884","eae4dce5","0","1",642,"MISMATCH","L1"
"1885","331d337a","0","1",1429,"MISMATCH","L1"
"1886","56c12ea5","0","1",2369,"MISMATCH","L1"
"1887","abb93423","0","1",1232,"MISMATCH","L1"
"1888","d6bbd0d0","0","1",1291,"MISMATCH","L1"
"1889","ff802103","0","1",1472,"MISMATCH","L1"
"1890","948b227f","0","1",NA,"MISMATCH","L1"
"1891","4daf5f61","1","1",537,"MISMATCH","L1"
"1892","5f8ece57","1","1",1091,"MISMATCH","L1"
"1893","a7fed8eb","1","1",510,"MISMATCH","L1"
"1894","dfb90a67","1","1",427,"MISMATCH","L1"
"1895","57596968","1","1",699,"MISMATCH","L1"
"1896","3767994f","1","1",489,"MISMATCH","L1"
"1897","24b2efbf","1","1",NA,"MISMATCH","L1"
"1898","a0941f2b","1","1",903,"MISMATCH","L1"
"1899","b8c939a8","1","1",581,"MISMATCH","L1"
"1900","7000f547","1","1",787,"MISMATCH","L1"
"1901","abffdb96","1","1",1502,"MISMATCH","L1"
"1902","787873c2","1","1",499,"MISMATCH","L1"
"1903","98694825","1","1",1486,"MISMATCH","L1"
"1904","699368b2","1","1",658,"MISMATCH","L1"
"1905","1554bd63","1","1",683,"MISMATCH","L1"
"1906","735b6f32","1","1",995,"MISMATCH","L1"
"1907","9a49fdda","0","2",808,"MISMATCH","L1"
"1908","8a465e3d","0","2",881,"MISMATCH","L1"
"1909","3c19b430","0","2",669,"MISMATCH","L1"
"1910","8ab3de69","0","2",1535,"MISMATCH","L1"
"1911","7900f471","0","2",462,"MISMATCH","L1"
"1912","b5649ac6","0","2",513,"MISMATCH","L1"
"1913","d8aad673","0","2",949,"MISMATCH","L1"
"1914","90eaea80","0","2",1175,"MISMATCH","L1"
"1915","199fe03c","0","2",492,"MISMATCH","L1"
"1916","f72efd8c","0","2",1238,"MISMATCH","L1"
"1917","764154b9","0","2",467,"MISMATCH","L1"
"1918","eae4dce5","0","2",625,"MISMATCH","L1"
"1919","331d337a","0","2",443,"MISMATCH","L1"
"1920","56c12ea5","0","2",1465,"MISMATCH","L1"
"1921","abb93423","0","2",412,"MISMATCH","L1"
"1922","d6bbd0d0","0","2",NA,"MISMATCH","L1"
"1923","ff802103","0","2",1701,"MISMATCH","L1"
"1924","948b227f","0","2",2095,"MISMATCH","L1"
"1925","4daf5f61","1","2",523,"MISMATCH","L1"
"1926","5f8ece57","1","2",1273,"MISMATCH","L1"
"1927","a7fed8eb","1","2",729,"MISMATCH","L1"
"1928","dfb90a67","1","2",609,"MISMATCH","L1"
"1929","57596968","1","2",620,"MISMATCH","L1"
"1930","3767994f","1","2",460,"MISMATCH","L1"
"1931","24b2efbf","1","2",635,"MISMATCH","L1"
"1932","a0941f2b","1","2",654,"MISMATCH","L1"
"1933","b8c939a8","1","2",810,"MISMATCH","L1"
"1934","7000f547","1","2",1390,"MISMATCH","L1"
"1935","abffdb96","1","2",2061,"MISMATCH","L1"
"1936","787873c2","1","2",715,"MISMATCH","L1"
"1937","98694825","1","2",1340,"MISMATCH","L1"
"1938","699368b2","1","2",639,"MISMATCH","L1"
"1939","1554bd63","1","2",665,"MISMATCH","L1"
"1940","735b6f32","1","2",2409,"MISMATCH","L1"
"1941","9a49fdda","0","3",588,"MISMATCH","L1"
"1942","8a465e3d","0","3",1247,"MISMATCH","L1"
"1943","3c19b430","0","3",1942,"MISMATCH","L1"
"1944","8ab3de69","0","3",1141,"MISMATCH","L1"
"1945","7900f471","0","3",521,"MISMATCH","L1"
"1946","b5649ac6","0","3",NA,"MISMATCH","L1"
"1947","d8aad673","0","3",NA,"MISMATCH","L1"
"1948","90eaea80","0","3",1217,"MISMATCH","L1"
"1949","199fe03c","0","3",514,"MISMATCH","L1"
"1950","f72efd8c","0","3",NA,"MISMATCH","L1"
"1951","764154b9","0","3",626,"MISMATCH","L1"
"1952","eae4dce5","0","3",388,"MISMATCH","L1"
"1953","331d337a","0","3",808,"MISMATCH","L1"
"1954","56c12ea5","0","3",2134,"MISMATCH","L1"
"1955","abb93423","0","3",590,"MISMATCH","L1"
"1956","d6bbd0d0","0","3",1286,"MISMATCH","L1"
"1957","ff802103","0","3",1503,"MISMATCH","L1"
"1958","948b227f","0","3",1401,"MISMATCH","L1"
"1959","4daf5f61","1","3",1798,"MISMATCH","L1"
"1960","5f8ece57","1","3",1002,"MISMATCH","L1"
"1961","a7fed8eb","1","3",969,"MISMATCH","L1"
"1962","dfb90a67","1","3",534,"MISMATCH","L1"
"1963","57596968","1","3",698,"MISMATCH","L1"
"1964","3767994f","1","3",598,"MISMATCH","L1"
"1965","24b2efbf","1","3",532,"MISMATCH","L1"
"1966","a0941f2b","1","3",NA,"MISMATCH","L1"
"1967","b8c939a8","1","3",794,"MISMATCH","L1"
"1968","7000f547","1","3",1156,"MISMATCH","L1"
"1969","abffdb96","1","3",2021,"MISMATCH","L1"
"1970","787873c2","1","3",844,"MISMATCH","L1"
"1971","98694825","1","3",2104,"MISMATCH","L1"
"1972","699368b2","1","3",847,"MISMATCH","L1"
"1973","1554bd63","1","3",NA,"MISMATCH","L1"
"1974","735b6f32","1","3",NA,"MISMATCH","L1"
"1975","9a49fdda","0","4",410,"MISMATCH","L1"
"1976","8a465e3d","0","4",913,"MISMATCH","L1"
"1977","3c19b430","0","4",NA,"MISMATCH","L1"
"1978","8ab3de69","0","4",898,"MISMATCH","L1"
"1979","7900f471","0","4",565,"MISMATCH","L1"
"1980","b5649ac6","0","4",760,"MISMATCH","L1"
"1981","d8aad673","0","4",648,"MISMATCH","L1"
"1982","90eaea80","0","4",949,"MISMATCH","L1"
"1983","199fe03c","0","4",1062,"MISMATCH","L1"
"1984","f72efd8c","0","4",2527,"MISMATCH","L1"
"1985","764154b9","0","4",925,"MISMATCH","L1"
"1986","eae4dce5","0","4",639,"MISMATCH","L1"
"1987","331d337a","0","4",NA,"MISMATCH","L1"
"1988","56c12ea5","0","4",2156,"MISMATCH","L1"
"1989","abb93423","0","4",577,"MISMATCH","L1"
"1990","d6bbd0d0","0","4",1642,"MISMATCH","L1"
"1991","ff802103","0","4",1137,"MISMATCH","L1"
"1992","948b227f","0","4",1394,"MISMATCH","L1"
"1993","4daf5f61","1","4",679,"MISMATCH","L1"
"1994","5f8ece57","1","4",1422,"MISMATCH","L1"
"1995","a7fed8eb","1","4",635,"MISMATCH","L1"
"1996","dfb90a67","1","4",572,"MISMATCH","L1"
"1997","57596968","1","4",895,"MISMATCH","L1"
"1998","3767994f","1","4",822,"MISMATCH","L1"
"1999","24b2efbf","1","4",398,"MISMATCH","L1"
"2000","a0941f2b","1","4",634,"MISMATCH","L1"
"2001","b8c939a8","1","4",560,"MISMATCH","L1"
"2002","7000f547","1","4",NA,"MISMATCH","L1"
"2003","abffdb96","1","4",NA,"MISMATCH","L1"
"2004","787873c2","1","4",467,"MISMATCH","L1"
"2005","98694825","1","4",NA,"MISMATCH","L1"
"2006","699368b2","1","4",1373,"MISMATCH","L1"
"2007","1554bd63","1","4",458,"MISMATCH","L1"
"2008","735b6f32","1","4",1895,"MISMATCH","L1"
"2009","9a49fdda","0","5",626,"MISMATCH","L1"
"2010","8a465e3d","0","5",922,"MISMATCH","L1"
"2011","3c19b430","0","5",NA,"MISMATCH","L1"
"2012","8ab3de69","0","5",1625,"MISMATCH","L1"
"2013","7900f471","0","5",540,"MISMATCH","L1"
"2014","b5649ac6","0","5",1426,"MISMATCH","L1"
"2015","d8aad673","0","5",NA,"MISMATCH","L1"
"2016","90eaea80","0","5",1105,"MISMATCH","L1"
"2017","199fe03c","0","5",560,"MISMATCH","L1"
"2018","f72efd8c","0","5",NA,"MISMATCH","L1"
"2019","764154b9","0","5",557,"MISMATCH","L1"
"2020","eae4dce5","0","5",NA,"MISMATCH","L1"
"2021","331d337a","0","5",NA,"MISMATCH","L1"
"2022","56c12ea5","0","5",1350,"MISMATCH","L1"
"2023","abb93423","0","5",654,"MISMATCH","L1"
"2024","d6bbd0d0","0","5",886,"MISMATCH","L1"
"2025","ff802103","0","5",952,"MISMATCH","L1"
"2026","948b227f","0","5",1227,"MISMATCH","L1"
"2027","4daf5f61","1","5",NA,"MISMATCH","L1"
"2028","5f8ece57","1","5",1599,"MISMATCH","L1"
"2029","a7fed8eb","1","5",990,"MISMATCH","L1"
"2030","dfb90a67","1","5",NA,"MISMATCH","L1"
"2031","57596968","1","5",NA,"MISMATCH","L1"
"2032","3767994f","1","5",NA,"MISMATCH","L1"
"2033","24b2efbf","1","5",NA,"MISMATCH","L1"
"2034","a0941f2b","1","5",NA,"MISMATCH","L1"
"2035","b8c939a8","1","5",520,"MISMATCH","L1"
"2036","7000f547","1","5",1009,"MISMATCH","L1"
"2037","abffdb96","1","5",NA,"MISMATCH","L1"
"2038","787873c2","1","5",1289,"MISMATCH","L1"
"2039","98694825","1","5",NA,"MISMATCH","L1"
"2040","699368b2","1","5",NA,"MISMATCH","L1"
"2041","1554bd63","1","5",1013,"MISMATCH","L1"
"2042","735b6f32","1","5",1296,"MISMATCH","L1"
"2043","9a49fdda","0","6",564,"MISMATCH","L1"
"2044","8a465e3d","0","6",651,"MISMATCH","L1"
"2045","3c19b430","0","6",1495,"MISMATCH","L1"
"2046","8ab3de69","0","6",567,"MISMATCH","L1"
"2047","7900f471","0","6",NA,"MISMATCH","L1"
"2048","b5649ac6","0","6",668,"MISMATCH","L1"
"2049","d8aad673","0","6",509,"MISMATCH","L1"
"2050","90eaea80","0","6",773,"MISMATCH","L1"
"2051","199fe03c","0","6",395,"MISMATCH","L1"
"2052","f72efd8c","0","6",NA,"MISMATCH","L1"
"2053","764154b9","0","6",514,"MISMATCH","L1"
"2054","eae4dce5","0","6",NA,"MISMATCH","L1"
"2055","331d337a","0","6",NA,"MISMATCH","L1"
"2056","56c12ea5","0","6",1498,"MISMATCH","L1"
"2057","abb93423","0","6",482,"MISMATCH","L1"
"2058","d6bbd0d0","0","6",1000,"MISMATCH","L1"
"2059","ff802103","0","6",1410,"MISMATCH","L1"
"2060","948b227f","0","6",1506,"MISMATCH","L1"
"2061","4daf5f61","1","6",554,"MISMATCH","L1"
"2062","5f8ece57","1","6",1566,"MISMATCH","L1"
"2063","a7fed8eb","1","6",469,"MISMATCH","L1"
"2064","dfb90a67","1","6",754,"MISMATCH","L1"
"2065","57596968","1","6",1013,"MISMATCH","L1"
"2066","3767994f","1","6",NA,"MISMATCH","L1"
"2067","24b2efbf","1","6",NA,"MISMATCH","L1"
"2068","a0941f2b","1","6",1317,"MISMATCH","L1"
"2069","b8c939a8","1","6",354,"MISMATCH","L1"
"2070","7000f547","1","6",754,"MISMATCH","L1"
"2071","abffdb96","1","6",NA,"MISMATCH","L1"
"2072","787873c2","1","6",1159,"MISMATCH","L1"
"2073","98694825","1","6",NA,"MISMATCH","L1"
"2074","699368b2","1","6",NA,"MISMATCH","L1"
"2075","1554bd63","1","6",1016,"MISMATCH","L1"
"2076","735b6f32","1","6",1125,"MISMATCH","L1"
"2077","9a49fdda","0","7",539,"MISMATCH","L1"
"2078","8a465e3d","0","7",848,"MISMATCH","L1"
"2079","3c19b430","0","7",NA,"MISMATCH","L1"
"2080","8ab3de69","0","7",792,"MISMATCH","L1"
"2081","7900f471","0","7",747,"MISMATCH","L1"
"2082","b5649ac6","0","7",1402,"MISMATCH","L1"
"2083","d8aad673","0","7",NA,"MISMATCH","L1"
"2084","90eaea80","0","7",658,"MISMATCH","L1"
"2085","199fe03c","0","7",764,"MISMATCH","L1"
"2086","f72efd8c","0","7",NA,"MISMATCH","L1"
"2087","764154b9","0","7",1000,"MISMATCH","L1"
"2088","eae4dce5","0","7",NA,"MISMATCH","L1"
"2089","331d337a","0","7",NA,"MISMATCH","L1"
"2090","56c12ea5","0","7",2140,"MISMATCH","L1"
"2091","abb93423","0","7",443,"MISMATCH","L1"
"2092","d6bbd0d0","0","7",921,"MISMATCH","L1"
"2093","ff802103","0","7",2138,"MISMATCH","L1"
"2094","948b227f","0","7",931,"MISMATCH","L1"
"2095","4daf5f61","1","7",911,"MISMATCH","L1"
"2096","5f8ece57","1","7",893,"MISMATCH","L1"
"2097","a7fed8eb","1","7",774,"MISMATCH","L1"
"2098","dfb90a67","1","7",NA,"MISMATCH","L1"
"2099","57596968","1","7",NA,"MISMATCH","L1"
"2100","3767994f","1","7",708,"MISMATCH","L1"
"2101","24b2efbf","1","7",737,"MISMATCH","L1"
"2102","a0941f2b","1","7",NA,"MISMATCH","L1"
"2103","b8c939a8","1","7",377,"MISMATCH","L1"
"2104","7000f547","1","7",1123,"MISMATCH","L1"
"2105","abffdb96","1","7",NA,"MISMATCH","L1"
"2106","787873c2","1","7",1148,"MISMATCH","L1"
"2107","98694825","1","7",NA,"MISMATCH","L1"
"2108","699368b2","1","7",955,"MISMATCH","L1"
"2109","1554bd63","1","7",NA,"MISMATCH","L1"
"2110","735b6f32","1","7",1272,"MISMATCH","L1"
"2111","9a49fdda","0","8",831,"MISMATCH","L1"
"2112","8a465e3d","0","8",807,"MISMATCH","L1"
"2113","3c19b430","0","8",NA,"MISMATCH","L1"
"2114","8ab3de69","0","8",396,"MISMATCH","L1"
"2115","7900f471","0","8",605,"MISMATCH","L1"
"2116","b5649ac6","0","8",671,"MISMATCH","L1"
"2117","d8aad673","0","8",NA,"MISMATCH","L1"
"2118","90eaea80","0","8",572,"MISMATCH","L1"
"2119","199fe03c","0","8",437,"MISMATCH","L1"
"2120","f72efd8c","0","8",NA,"MISMATCH","L1"
"2121","764154b9","0","8",828,"MISMATCH","L1"
"2122","eae4dce5","0","8",NA,"MISMATCH","L1"
"2123","331d337a","0","8",NA,"MISMATCH","L1"
"2124","56c12ea5","0","8",696,"MISMATCH","L1"
"2125","abb93423","0","8",1151,"MISMATCH","L1"
"2126","d6bbd0d0","0","8",583,"MISMATCH","L1"
"2127","ff802103","0","8",1382,"MISMATCH","L1"
"2128","948b227f","0","8",828,"MISMATCH","L1"
"2129","4daf5f61","1","8",NA,"MISMATCH","L1"
"2130","5f8ece57","1","8",1208,"MISMATCH","L1"
"2131","a7fed8eb","1","8",585,"MISMATCH","L1"
"2132","dfb90a67","1","8",NA,"MISMATCH","L1"
"2133","57596968","1","8",NA,"MISMATCH","L1"
"2134","3767994f","1","8",NA,"MISMATCH","L1"
"2135","24b2efbf","1","8",626,"MISMATCH","L1"
"2136","a0941f2b","1","8",NA,"MISMATCH","L1"
"2137","b8c939a8","1","8",426,"MISMATCH","L1"
"2138","7000f547","1","8",1545,"MISMATCH","L1"
"2139","abffdb96","1","8",1744,"MISMATCH","L1"
"2140","787873c2","1","8",743,"MISMATCH","L1"
"2141","98694825","1","8",NA,"MISMATCH","L1"
"2142","699368b2","1","8",888,"MISMATCH","L1"
"2143","1554bd63","1","8",648,"MISMATCH","L1"
"2144","735b6f32","1","8",1599,"MISMATCH","L1"
